signature_id	tissue	cell_type	control_type	category	class	subcategory	description	genes	num_genes	confidence	source_file
POS_001	pancreas	beta_cell	positive	cell_identity	cell_type_marker	cell_type_marker	Identity markers - Primary insulin-secreting endocrine cells	INS|IAPP|MAFA|DLK1|ADCYAP1|PBP|ZNF385D|TRPM3|LRFN2|PLUT|DOCK10|KIRREL3|PCSK1|SLC30A8|GCK|PDX1|ISL1|ABCC8|KCNJ11|HHATL|SAMD11|LRRTM3|WSCD1|LINC01099	24	High	pancreas_gene_signatures.xlsx
POS_002	pancreas	alpha_cell	positive	cell_identity	cell_type_marker	cell_type_marker	Identity markers - Glucagon-producing cells	GCG|TTR|IRX2|FAP|DPP4|GPR119|PTPRT|PDK4|LOXL4|STK32B|ARX|MAFB|TM4SF4|CD24|GC|CRYBA2|KCNNA1|PCSK2|DLK1|LOXL2	20	High	pancreas_gene_signatures.xlsx
POS_003	pancreas	delta_cell	positive	cell_identity	cell_type_marker	cell_type_marker	Identity markers - Somatostatin-secreting cells	SST|HHEX|LEPR|RBP4|LRFN5|ADARB2|ERBB4|KCNT2|GHRL|DPP4|HMGCS2|LY6E|FRZB|PCSK1	14	High	pancreas_gene_signatures.xlsx
POS_004	pancreas	gamma_epsilon_cell	positive	cell_identity	cell_type_marker	cell_type_marker	Identity markers - PP and ghrelin-producing cells	PPY|GHRL|ARX|ETAS1|THSD7A|CACNA2D3|IRX2|FEV|PAX4|PAX6|NKX2-2|PPY2	12	High	pancreas_gene_signatures.xlsx
POS_005	pancreas	cycling_alpha_cell	positive	cell_identity	cell_type_marker	cell_type_marker	Identity markers - Proliferative alpha cell subpopulation	GCG|MKI67|CDK1|TOP2A|CENPF|BIRC5|AURKA|PLK1|CCNB1|PCNA|ASPM|STMN1|BUB1|CCNA2	14	Medium-High	pancreas_gene_signatures.xlsx
POS_006	pancreas	ductal_cell	positive	cell_identity	cell_type_marker	cell_type_marker	Identity markers - Bicarbonate/fluid secreting duct cells	CFTR|KRT19|KRT7|SOX9|HNF1B|AMBP|MMP7|MUC1|SLC4A4|CA2|SPP1|CEACAM6|TFF1|AQP1|FXYD2|SLC26A6|ANPEP|ONECUT2	18	High	pancreas_gene_signatures.xlsx
POS_007	pancreas	acinar_cell	positive	cell_identity	cell_type_marker	cell_type_marker	Identity markers - Digestive enzyme-producing cells	PRSS1|CPA1|CTRB1|CTRB2|REG1A|REG3A|PNLIP|AMY2A|CEL|PLA2G2A|MECOM|CPB1|SYCN|KLK1|REG1B|PRSS2|CTRC	17	High	pancreas_gene_signatures.xlsx
POS_008	pancreas	stellate_cell_activated	positive	cell_identity	cell_type_marker	cell_type_marker	Identity markers - Myofibroblast-like activated stellate cells	ACTA2|COL1A1|COL3A1|COL6A1|PDGFRB|LUM|BGN|FAP|VIM|POSTN|FN1|THY1|DCN|SSP1|TAGLN|COL1A2	16	High	pancreas_gene_signatures.xlsx
POS_009	pancreas	stellate_cell_quiescent	positive	cell_identity	cell_type_marker	cell_type_marker	Identity markers - Quiescent stellate cells with vitamin A storage	PDGFRB|RGS5|FABP4|GFAP|VIM|DES|NGF|NCAM1|CYGB|ADIPOQ|S100A4|ALB|LPL	13	High	pancreas_gene_signatures.xlsx
POS_010	pancreas	endothelial_cell	positive	cell_identity	cell_type_marker	cell_type_marker	Identity markers - Vascular endothelial cells	PECAM1|VWF|PLVAP|CDH5|ESAM|KDR|FLT1|NKX2-3|CD34|CLDN5|EMCN|ICAM1|IGFBP3|MCAM|SOX4|CCND1|VAT1|FMNL3	18	High	pancreas_gene_signatures.xlsx
POS_011	pancreas	immune_cell	positive	cell_identity	cell_type_marker	cell_type_marker	Identity markers - Heterogeneous immune population	PTPRC|CD3E|CD4|CD8A|CD14|CD163|SPP1|HLA-DRA|CD86|TPSAB1|CCR6|CCL20|CD74|B2M|STAT1|IRF1|IL15|GBP2|IFIT3	19	High	pancreas_gene_signatures.xlsx
POS_012	pancreas	beta_cell	positive	cell_identity	functional_pathway	functional_pathway	Insulin secretion / GSIS pathway	SLC2A2|GCK|KCNJ11|ABCC8|CACNA1C|ITPR3|RYR2|INS|IAPP|PCSK1|PCSK2|CPE	12	High	pancreas_gene_signatures.xlsx
POS_013	pancreas	beta_cell	positive	cell_identity	functional_pathway	functional_pathway	Beta cell identity transcription factors	PDX1|NKX6-1|MAFA|NEUROD1|ISL1|PAX6|RFX6	7	High	pancreas_gene_signatures.xlsx
POS_014	pancreas	beta_cell	positive	cell_identity	functional_pathway	functional_pathway	MODY genes pathway	HNF4A|GCK|HNF1A|PDX1|HNF1B|NEUROD1|KLF11|CEL|PAX4|INS	10	High	pancreas_gene_signatures.xlsx
POS_015	pancreas	beta_cell	positive	cell_identity	functional_pathway	functional_pathway	ER stress / UPR pathway	TXNIP|DDIT3|HSPA5|ATF4|EIF2AK3|ATF6|ERN1	7	High	pancreas_gene_signatures.xlsx
POS_016	pancreas	alpha_cell	positive	cell_identity	functional_pathway	functional_pathway	Glucagon signaling pathway	GCG|GCGR|GLP1R|ARX|MAFB|TTR|PCSK2|DPP4	8	High	pancreas_gene_signatures.xlsx
POS_017	pancreas	alpha_cell	positive	cell_identity	functional_pathway	functional_pathway	Amino acid sensing and ion channels	SLC5A2|SLC2A1|HK1|CACNA1A	4	Medium	pancreas_gene_signatures.xlsx
POS_018	pancreas	delta_cell	positive	cell_identity	functional_pathway	functional_pathway	Somatostatin signaling pathway	SST|HHEX|SSTR2|SSTR3|SSTR5|LEPR|CLIC6|TFCP2L1	8	High	pancreas_gene_signatures.xlsx
POS_019	pancreas	gamma_epsilon_cell	positive	cell_identity	functional_pathway	functional_pathway	PP and Ghrelin signaling	PPY|GHRL|MBOAT4|ETV1|KCNK1|PPYR1|NPY|PAX6	8	Medium	pancreas_gene_signatures.xlsx
POS_020	pancreas	ductal_cell	positive	cell_identity	functional_pathway	functional_pathway	Bicarbonate transport pathway	CFTR|SLC4A4|SLC26A6|SLC26A3|CA2|SLC4A2|AQP1	7	High	pancreas_gene_signatures.xlsx
POS_021	pancreas	ductal_cell	positive	cell_identity	functional_pathway	functional_pathway	Notch/Wnt developmental signaling	SOX9|HES1|NEUROG3|SCTR|CDX2|HNF1B	6	High	pancreas_gene_signatures.xlsx
POS_022	pancreas	ductal_cell	positive	cell_identity	functional_pathway	functional_pathway	Mucus production	MUC1|MUC6|MUC5B|MUC5AC	4	High	pancreas_gene_signatures.xlsx
POS_023	pancreas	acinar_cell	positive	cell_identity	functional_pathway	functional_pathway	Digestive enzyme synthesis / protein export	PRSS1|CELA3A|CPA1|AMY2A|REG3A|REG1A|PTF1A|PNLIP|CPB1	9	High	pancreas_gene_signatures.xlsx
POS_024	pancreas	stellate_cell_activated	positive	cell_identity	functional_pathway	functional_pathway	ECM remodeling / TGF-beta / fibrosis	COL1A1|ACTA2|PDGFRA|POSTN|FN1|VIM|TGFB1|COL3A1|COL1A2	9	High	pancreas_gene_signatures.xlsx
POS_025	pancreas	stellate_cell_quiescent	positive	cell_identity	functional_pathway	functional_pathway	Retinol metabolism / lipid storage	RGS5|PDGFRA|FABP4|GFAP|DES|CYGB|LPL|ADIPOQ	8	High	pancreas_gene_signatures.xlsx
POS_026	pancreas	endothelial_cell	positive	cell_identity	functional_pathway	functional_pathway	VEGF signaling / angiogenesis	PECAM1|VWF|PLVAP|CDH5|KDR|FLT1|NOS3|VEGFA	8	High	pancreas_gene_signatures.xlsx
POS_027	pancreas	immune_cell	positive	cell_identity	functional_pathway	functional_pathway	Antigen presentation / cytokine signaling	C1QA|C1QB|C1QC|CD163|MRC1|HLA-DRA|STAT1|IRF1|IL15|GBP2|IFIT3|CD74	12	High	pancreas_gene_signatures.xlsx
POS_028	pancreas	cycling_alpha_cell	positive	cell_identity	functional_pathway	functional_pathway	Cell cycle / DNA replication	MKI67|CDK1|TOP2A|CENPF|BIRC5|CCNB1|PCNA|AURKA|PLK1|BUB1|CCNA2	11	High	pancreas_gene_signatures.xlsx
POS_029	pancreas	beta_cell	positive	cell_identity	disease_marker_T1D	disease_marker_T1D	T1D downregulated - Beta cell identity loss	INS|IAPP|MAFA|GCK|SLC30A8|G6PC2|NEUROD1|ADCYAP1|WSCD1|HHATL|SAMD11|LRRTM3	12	High	pancreas_gene_signatures.xlsx
POS_030	pancreas	beta_cell	positive	cell_identity	disease_marker_T1D	disease_marker_T1D	T1D upregulated - MHC/antigen presentation	HLA-A|HLA-B|HLA-C|B2M|HLA-DPB1|HLA-DRB1|CD74	7	High	pancreas_gene_signatures.xlsx
POS_031	pancreas	beta_cell	positive	cell_identity	disease_marker_T1D	disease_marker_T1D	T1D upregulated - Interferon response genes	GBP2|IFIT3|STAT1|IRF1|PSMB8|PSMB9	6	High	pancreas_gene_signatures.xlsx
POS_032	pancreas	beta_cell	positive	cell_identity	disease_marker_T1D	disease_marker_T1D	T1D upregulated - Cytokine/stress signaling	IL15|TNF|NFKBIA	3	High	pancreas_gene_signatures.xlsx
POS_033	pancreas	alpha_cell	positive	cell_identity	disease_marker_T1D	disease_marker_T1D	T1D signature - Alpha cell reprogramming	ARX|MAFB|GIPR|ISL1|NEUROD1|ERLEC1|HSP90B1	7	High	pancreas_gene_signatures.xlsx
POS_034	pancreas	delta_cell	positive	cell_identity	disease_marker_T1D	disease_marker_T1D	T1D signature - Paracrine dysregulation	SST|HHEX|HLA-A|HLA-B|HLA-C	5	Medium	pancreas_gene_signatures.xlsx
POS_035	pancreas	gamma_epsilon_cell	positive	cell_identity	disease_marker_T1D	disease_marker_T1D	T1D signature - Proportion changes	PPY|GHRL	2	Medium	pancreas_gene_signatures.xlsx
POS_036	pancreas	acinar_cell	positive	cell_identity	disease_marker_T1D	disease_marker_T1D	T1D downregulated - Acinar atrophy/REG loss	REG3A|REG1B|REG3G|AMY2A|CELA3A|PRSS1	6	High	pancreas_gene_signatures.xlsx
POS_037	pancreas	ductal_cell	positive	cell_identity	disease_marker_T1D	disease_marker_T1D	T1D signature - Ductal remodeling	CFTR|KRT19|SOX9	3	Medium	pancreas_gene_signatures.xlsx
POS_038	pancreas	immune_cell	positive	cell_identity	disease_marker_T1D	disease_marker_T1D	T1D upregulated - CD8 T cell effectors	PRF1|GZMH|NKG7|CST7|EOMES|GZMA|CCL5	7	High	pancreas_gene_signatures.xlsx
POS_039	pancreas	immune_cell	positive	cell_identity	disease_marker_T1D	disease_marker_T1D	T1D upregulated - CD4 Th2 signature	GATA3|CCR4|IRF4|IL4R|TNFRSF4	5	High	pancreas_gene_signatures.xlsx
POS_040	pancreas	immune_cell	positive	cell_identity	disease_marker_T1D	disease_marker_T1D	T1D signature - T cell exhaustion markers	TIGIT|PDCD1|VSIR	3	High	pancreas_gene_signatures.xlsx
POS_041	pancreas	immune_cell	positive	cell_identity	disease_marker_T1D	disease_marker_T1D	T1D upregulated - Monocyte/TNF pathway	TNF|ACTG1|REL|TRIB1|GRN|LGALS9	6	High	pancreas_gene_signatures.xlsx
POS_042	pancreas	endothelial_cell	positive	cell_identity	disease_marker_T1D	disease_marker_T1D	T1D signature - HIF/inflammation pathway	HIF1A|VEGFA|ICAM1	3	Medium	pancreas_gene_signatures.xlsx
POS_043	pancreas	stellate_cell_activated	positive	cell_identity	disease_marker_T1D	disease_marker_T1D	T1D signature - Ligand-receptor changes	BMP5|NRXN1|CADM1|NEGR1	4	Medium	pancreas_gene_signatures.xlsx
POS_044	pancreas	stellate_cell_quiescent	positive	cell_identity	disease_marker_T1D	disease_marker_T1D	T1D signature - Stellate stress response	PDGFRB|RGS5|VIM	3	Medium	pancreas_gene_signatures.xlsx
POS_045	pancreas	cycling_alpha_cell	positive	cell_identity	disease_marker_T1D	disease_marker_T1D	T1D signature - Proliferative response	GCG|MKI67|CDK1|TOP2A	4	Medium	pancreas_gene_signatures.xlsx
POS_046	pancreas	beta_cell	positive	cell_identity	disease_marker_T2D	disease_marker_T2D	T2D downregulated - Identity loss/dedifferentiation	MAFA|PDX1|NKX6-1|SLC2A2|GCK|INS|IAPP|RFX6|PAX6|FXYD2	10	High	pancreas_gene_signatures.xlsx
POS_047	pancreas	beta_cell	positive	cell_identity	disease_marker_T2D	disease_marker_T2D	T2D upregulated - Stress/dedifferentiation markers	ALDH1A3|TSHR|SLC4A4|TNFRSF11B	4	High	pancreas_gene_signatures.xlsx
POS_048	pancreas	beta_cell	positive	cell_identity	disease_marker_T2D	disease_marker_T2D	T2D altered - Vesicle/ion channel dysfunction	SYT1|SEPT9|KCNJ11|ABCC8|TALK1|BNIP3|GRAMD2B	7	High	pancreas_gene_signatures.xlsx
POS_049	pancreas	beta_cell	positive	cell_identity	disease_marker_T2D	disease_marker_T2D	T2D upregulated - UPR/ER stress response	DDIT3|HSPA5|ATF6|TXNIP	4	High	pancreas_gene_signatures.xlsx
POS_050	pancreas	alpha_cell	positive	cell_identity	disease_marker_T2D	disease_marker_T2D	T2D signature - Hyperplasia/dysfunction	ARX|MAFB|G6PC2|TMEM55A|GCG	5	High	pancreas_gene_signatures.xlsx
POS_051	pancreas	delta_cell	positive	cell_identity	disease_marker_T2D	disease_marker_T2D	T2D signature - Altered paracrine regulation	SST|HHEX|LEPR|GHSR|DRD2	5	Medium	pancreas_gene_signatures.xlsx
POS_052	pancreas	gamma_epsilon_cell	positive	cell_identity	disease_marker_T2D	disease_marker_T2D	T2D signature - Stable/slight expansion	PPY|PAX4|GHRL	3	Medium	pancreas_gene_signatures.xlsx
POS_053	pancreas	acinar_cell	positive	cell_identity	disease_marker_T2D	disease_marker_T2D	T2D downregulated - Identity loss/ADM transition	REG1A|PRSS1|AMY2A|CPA1	4	High	pancreas_gene_signatures.xlsx
POS_054	pancreas	ductal_cell	positive	cell_identity	disease_marker_T2D	disease_marker_T2D	T2D upregulated - Pro-inflammatory signaling	KRT19|SOX9|CD24	3	Medium	pancreas_gene_signatures.xlsx
POS_055	pancreas	endothelial_cell	positive	cell_identity	disease_marker_T2D	disease_marker_T2D	T2D signature - Pathological angiogenesis	BST1|PLVAP|PECAM1|NOS3	4	Medium	pancreas_gene_signatures.xlsx
POS_056	pancreas	stellate_cell_activated	positive	cell_identity	disease_marker_T2D	disease_marker_T2D	T2D upregulated - Islet fibrosis	COL1A1|COL1A2|VCAN|SULF1|PDGFRA	5	High	pancreas_gene_signatures.xlsx
POS_057	pancreas	stellate_cell_quiescent	positive	cell_identity	disease_marker_T2D	disease_marker_T2D	T2D signature - Activation transition	PDGFRB|RGS5|ACTA2	3	Medium	pancreas_gene_signatures.xlsx
POS_058	pancreas	immune_cell	positive	cell_identity	disease_marker_T2D	disease_marker_T2D	T2D upregulated - Chronic inflammation	TNF|TNFRSF1A|B2M|IL6|CCL2	5	Medium	pancreas_gene_signatures.xlsx
POS_059	pancreas	cycling_alpha_cell	positive	cell_identity	disease_marker_T2D	disease_marker_T2D	T2D signature - Compensatory proliferation	GCG|MKI67|CDK1	3	Low-Medium	pancreas_gene_signatures.xlsx
POS_060	pancreas	ductal_cell	positive	cell_identity	disease_marker_PDAC	disease_marker_PDAC	PDAC classical subtype signature	GATA6|HNF1A|TFF1|TFF3|MUC5AC|CEACAM6|S100P	7	High	pancreas_gene_signatures.xlsx
POS_061	pancreas	ductal_cell	positive	cell_identity	disease_marker_PDAC	disease_marker_PDAC	PDAC basal-like subtype signature	KRT81|S100A2|VIM|COL17A1|LAMB3	5	High	pancreas_gene_signatures.xlsx
POS_062	pancreas	ductal_cell	positive	cell_identity	disease_marker_PDAC	disease_marker_PDAC	PDAC driver mutations	KRAS|TP53|SMAD4|CDKN2A	4	High	pancreas_gene_signatures.xlsx
POS_063	pancreas	ductal_cell	positive	cell_identity	disease_marker_PDAC	disease_marker_PDAC	PDAC ductal transformation/ADM markers	SOX9|ONECUT2|MMP7|MMP1|REG4|RAP1GAP|S100A10|PIGR	8	High	pancreas_gene_signatures.xlsx
POS_064	pancreas	acinar_cell	positive	cell_identity	disease_marker_PDAC	disease_marker_PDAC	PDAC acinar-to-ductal metaplasia	REG3A|REG1B|REG1A|PRSS1|CPB1|PNLIP	6	High	pancreas_gene_signatures.xlsx
POS_065	pancreas	stellate_cell_activated	positive	cell_identity	disease_marker_PDAC	disease_marker_PDAC	PDAC myCAF - ECM/contractility	ACTA2|TAGLN|MYL9|COL1A1|COL3A1	5	High	pancreas_gene_signatures.xlsx
POS_066	pancreas	stellate_cell_activated	positive	cell_identity	disease_marker_PDAC	disease_marker_PDAC	PDAC iCAF - Inflammatory fibroblasts	CXCL12|IL6|GSN|CFD	4	High	pancreas_gene_signatures.xlsx
POS_067	pancreas	stellate_cell_activated	positive	cell_identity	disease_marker_PDAC	disease_marker_PDAC	PDAC apCAF - Antigen-presenting fibroblasts	CD74|HLA-DRA|HLA-DPA1	3	High	pancreas_gene_signatures.xlsx
POS_068	pancreas	stellate_cell_activated	positive	cell_identity	disease_marker_PDAC	disease_marker_PDAC	PDAC POSTN+ CAF - EMT/angiogenesis	POSTN|FAP|THY1|SPP1|P4HA1|TIMP1	6	High	pancreas_gene_signatures.xlsx
POS_069	pancreas	stellate_cell_quiescent	positive	cell_identity	disease_marker_PDAC	disease_marker_PDAC	PDAC signature - CAF transition	PDGFRB|RGS5|ACTA2|COL1A1	4	Medium	pancreas_gene_signatures.xlsx
POS_070	pancreas	immune_cell	positive	cell_identity	disease_marker_PDAC	disease_marker_PDAC	PDAC M2/TAM macrophages - Immunosuppressive	C1QC|MARCO|APOE|CD14|FOLR2|CD163	6	High	pancreas_gene_signatures.xlsx
POS_071	pancreas	immune_cell	positive	cell_identity	disease_marker_PDAC	disease_marker_PDAC	PDAC exhausted CD8 T cells	LAG3|TIGIT|PDCD1|EOMES	4	High	pancreas_gene_signatures.xlsx
POS_072	pancreas	immune_cell	positive	cell_identity	disease_marker_PDAC	disease_marker_PDAC	PDAC B cell/plasma cell signature	IGHG1|IGKC	2	Medium	pancreas_gene_signatures.xlsx
POS_073	pancreas	immune_cell	positive	cell_identity	disease_marker_PDAC	disease_marker_PDAC	PDAC chemokine/cytokine signaling	CCL2|CCL4|TNF|TGFB1	4	High	pancreas_gene_signatures.xlsx
POS_074	pancreas	endothelial_cell	positive	cell_identity	disease_marker_PDAC	disease_marker_PDAC	PDAC pathological angiogenesis	RGS5|VEGFA|NRP1|PLVAP	4	Medium	pancreas_gene_signatures.xlsx
POS_075	pancreas	beta_cell	positive	cell_identity	disease_marker_PDAC	disease_marker_PDAC	PDAC endocrine disruption	INS|PDX1|MAFA	3	Low-Medium	pancreas_gene_signatures.xlsx
POS_076	pancreas	alpha_cell	positive	cell_identity	disease_marker_PDAC	disease_marker_PDAC	PDAC glucagon dysregulation	GCG|ARX|MAFB	3	Low	pancreas_gene_signatures.xlsx
POS_077	pancreas	delta_cell	positive	cell_identity	disease_marker_PDAC	disease_marker_PDAC	PDAC somatostatin disruption	SST|HHEX	2	Low	pancreas_gene_signatures.xlsx
POS_078	pancreas	gamma_epsilon_cell	positive	cell_identity	disease_marker_PDAC	disease_marker_PDAC	PDAC endocrine disruption	PPY|GHRL	2	Low	pancreas_gene_signatures.xlsx
POS_079	pancreas	cycling_alpha_cell	positive	cell_identity	disease_marker_PDAC	disease_marker_PDAC	PDAC proliferative markers in tumor context	TOP2A|MKI67|CDK1|CCNB1	4	Low	pancreas_gene_signatures.xlsx
NEG_001	pancreas	all_cells	negative	artifact	dissociation_stress	dissociation_stress	Dissociation - IEG/AP-1 transcription factors induced by enzymatic dissociation	FOS|FOSB|FOSL1|FOSL2|JUN|JUNB|JUND|EGR1|ATF3|NR4A1|NR4A2|NR4A3	12	High	pancreas_artifact_signatures.xlsx
NEG_002	pancreas	all_cells	negative	artifact	dissociation_stress	dissociation_stress	Dissociation - Heat shock proteins upregulated by warm dissociation (37C)	HSPA1A|HSPA1B|HSP90AB1|HSP90AA1|HSPA5|HSPA8|HSPH1|DNAJB1|DNAJB4	9	High	pancreas_artifact_signatures.xlsx
NEG_003	pancreas	all_cells	negative	artifact	dissociation_stress	dissociation_stress	Dissociation - Stress-responsive signaling (phosphatases, IER, anti-proliferative)	DUSP1|DUSP2|IER2|IER3|IER5|BTG1|BTG2|SOCS3|ZFP36|KLF2|KLF4|KLF6	12	High	pancreas_artifact_signatures.xlsx
NEG_004	pancreas	all_cells	negative	artifact	dissociation_stress	dissociation_stress	Dissociation - Apoptosis/cell death markers from tissue handling	BAX|BCL2|CASP3|CASP8|GADD45B|GADD45G|PPP1R15A|DDIT3	8	Medium	pancreas_artifact_signatures.xlsx
NEG_005	pancreas	all_cells	negative	artifact	dissociation_stress	dissociation_stress	Dissociation - Oxidative stress / NRF2 pathway from tissue disruption	NFE2L2|HMOX1|TXNRD1|GCLC|GCLM|SOD1|SOD2|GPX1|PRDX1|MT1X|MT2A	11	Medium	pancreas_artifact_signatures.xlsx
NEG_006	pancreas	all_cells	negative	artifact	dissociation_stress	dissociation_stress	Dissociation - NF-kB and cytokine inflammation artifacts from processing	NFKBIA|NFKB1|CCL2|CCL3|CCL4|CXCL1|CXCL2|CXCL10|IL1B|IL6|TNF|CEBPB|CEBPD	13	Medium	pancreas_artifact_signatures.xlsx
NEG_007	pancreas	all_cells	negative	artifact	dissociation_stress	dissociation_stress	Dissociation - Additional IEGs and signaling in core dissociation signature	MYC|SRF|CITED2|ID1|ID2|ID3|HIF1A|VEGFA|TGFB1	9	Medium	pancreas_artifact_signatures.xlsx
NEG_008	pancreas	all_cells	negative	artifact	dissociation_stress	dissociation_stress	Dissociation - Pancreas-specific artifacts from digestive enzyme activation	REG1A|REG3A|PRSS1|CELA3A|CPA1|CTRC|ACTA2	7	Medium	pancreas_artifact_signatures.xlsx
NEG_009	pancreas	all_cells	negative	artifact	ambient_RNA	ambient_RNA	Ambient RNA - Acinar digestive enzyme soup (dominant contaminant in pancreas)	PRSS1|CTRB1|CTRB2|PNLIP|CLPS|CPA1|CPA2|CPB1|CEL|CELA2A|CELA3A|CELA3B|REG1A|REG1B|REG3A|CTRC|PNLIPRP1|PNLIPRP2|PLA2G1B|GP2|SPINK1	21	High	pancreas_artifact_signatures.xlsx
NEG_010	pancreas	all_cells	negative	artifact	ambient_RNA	ambient_RNA	Ambient RNA - Islet endocrine hormone soup contaminating non-endocrine cells	INS|GCG|SST|PPY|IAPP|CHGA|CHGB|SCG5|TTR|GC	10	High	pancreas_artifact_signatures.xlsx
NEG_011	pancreas	all_cells	negative	artifact	ambient_RNA	ambient_RNA	Ambient RNA - Hemoglobin genes from RBC lysis (universal contaminant)	HBA1|HBA2|HBB|HBD|HBG1|HBG2|HBE1|HBM|HBQ1|HBZ|ALAS2	11	High	pancreas_artifact_signatures.xlsx
NEG_012	pancreas	all_cells	negative	artifact	ambient_RNA	ambient_RNA	Ambient RNA - Mitochondrial transcripts indicating cell damage/lysis	MT-CO1|MT-CO2|MT-CO3|MT-ND1|MT-ND2|MT-ND3|MT-ND4|MT-ND4L|MT-ND5|MT-ND6|MT-CYB|MT-ATP6|MT-ATP8|MT-RNR1|MT-RNR2	15	High	pancreas_artifact_signatures.xlsx
NEG_013	pancreas	all_cells	negative	artifact	ambient_RNA	ambient_RNA	Ambient RNA - Ribosomal protein genes (RPL family, background noise)	RPL3|RPL4|RPL5|RPL6|RPL7|RPL7A|RPL8|RPL9|RPL10|RPL10A|RPL11|RPL12|RPL13|RPL13A|RPL14|RPL15|RPL17|RPL18|RPL18A|RPL19|RPL21|RPL22|RPL23|RPL23A|RPL24|RPL26|RPL27|RPL27A|RPL28|RPL29|RPL30|RPL31|RPL32|RPL34|RPL35|RPL35A|RPL36|RPL37|RPL37A|RPL38|RPL39|RPL40|RPL41	43	High	pancreas_artifact_signatures.xlsx
NEG_014	pancreas	all_cells	negative	artifact	ambient_RNA	ambient_RNA	Ambient RNA - Ribosomal protein genes (RPS family, background noise)	RPS2|RPS3|RPS3A|RPS4X|RPS5|RPS6|RPS7|RPS8|RPS9|RPS10|RPS11|RPS12|RPS13|RPS14|RPS15|RPS15A|RPS16|RPS17|RPS18|RPS19|RPS20|RPS21|RPS23|RPS24|RPS25|RPS26|RPS27|RPS27A|RPS28|RPS29	30	High	pancreas_artifact_signatures.xlsx
NEG_015	pancreas	all_cells	negative	artifact	ambient_RNA	ambient_RNA	Ambient RNA - Immunoglobulin contamination from plasma/B-cells	IGKC|IGHG4|IGLC2|IGLC3|IGHA1|IGHM|JCHAIN	7	Medium	pancreas_artifact_signatures.xlsx
NEG_016	pancreas	all_cells	negative	artifact	ambient_RNA	ambient_RNA	Ambient RNA - Highly expressed housekeeping genes dominating soup	MALAT1|ACTB|GAPDH|EEF1A1|TMSB4X|B2M|FTL|FTH1|TPT1|UBB|UBC	11	Medium	pancreas_artifact_signatures.xlsx
NEG_017	pancreas	all_cells	negative	artifact	doublet	doublet	Doublet - Beta-Alpha co-expression (most common pancreatic doublet)	INS|GCG|IAPP|MAFA|ARX|IRX2	6	High	pancreas_artifact_signatures.xlsx
NEG_018	pancreas	all_cells	negative	artifact	doublet	doublet	Doublet - Endocrine-Exocrine hybrid markers	INS|GCG|SST|PPY|PRSS1|CPA1|CTRB1|CTRB2|PNLIP|KRT19|SOX9	11	High	pancreas_artifact_signatures.xlsx
NEG_019	pancreas	all_cells	negative	artifact	doublet	doublet	Doublet - Endocrine-Stellate hybrid markers	INS|GCG|COL1A1|COL1A2|COL3A1|ACTA2|PDGFRA|PDGFRB	8	High	pancreas_artifact_signatures.xlsx
NEG_020	pancreas	all_cells	negative	artifact	doublet	doublet	Doublet - Endocrine-Immune hybrid markers	INS|GCG|CD3D|CD3E|CD4|CD8A|CD8B|CD19|CD79A|CD79B|CD14|CD68	12	High	pancreas_artifact_signatures.xlsx
NEG_021	pancreas	all_cells	negative	artifact	doublet	doublet	Doublet - Endocrine-Endothelial hybrid markers	INS|GCG|PECAM1|CDH5|VWF|ERG|FLT1|KDR	8	Medium	pancreas_artifact_signatures.xlsx
NEG_022	pancreas	all_cells	negative	artifact	doublet	doublet	Doublet - High-complexity lncRNAs amplified in multiplets	MALAT1|NEAT1|XIST	3	Medium	pancreas_artifact_signatures.xlsx
NEG_023	pancreas	all_cells	negative	artifact	doublet	doublet	Doublet - Cross-lineage TF co-expression indicating multiplets	MAFA|ARX|PDX1|NKX6-1|PAX6|NEUROG3|SOX9|HNF1B|PTF1A|RBPJL	10	Medium	pancreas_artifact_signatures.xlsx
NEG_024	pancreas	all_cells	negative	artifact	cell_cycle	cell_cycle	Cell Cycle - S-phase genes (Tirosh et al. 2016 / Seurat)	MCM5|PCNA|TYMS|FEN1|MCM2|MCM4|RRM1|UNG|GINS2|MCM6|CDCA7|DTL|PRIM1|UHRF1|MLF1IP|HELLS|RFC2|RPA2|NASP|RAD51AP1|GMNN|WDR76|SLBP|CCNE2|UBR7|POLD3|MSH2|ATAD2|RAD51|RRM2|CDC45|CDC6|EXO1|TIPIN|DSCC1|BLM|CASP8AP2|USP1|CLSPN|POLA1|CHAF1B|BRIP1|E2F8	43	High	pancreas_artifact_signatures.xlsx
NEG_025	pancreas	all_cells	negative	artifact	cell_cycle	cell_cycle	Cell Cycle - G2/M-phase genes (Tirosh et al. 2016 / Seurat)	HMGB2|CDK1|NUSAP1|UBE2C|BIRC5|TPX2|TOP2A|NDC80|CKS2|NUF2|CKS1B|MKI67|TMPO|CENPF|TACC3|FAM64A|SMC4|CCNB2|CKAP2L|CKAP2|AURKB|BUB1|KIF11|ANP32E|TUBB4B|GTSE1|KNL1|HJURP|CDCA3|HN1|CDC20|TTK|CDC25C|KIF2C|RANGAP1|NCAPD2|DLGAP5|CDCA2|CDCA8|ECT2|KIF23|HMMR|AURKA|PSRC1|ANLN|LBR|CKAP5|CENPE|CTCF|NEK2|G2E3|GAS2L3|CBX5|CENPA	54	High	pancreas_artifact_signatures.xlsx
NEG_026	pancreas	all_cells	negative	artifact	cell_cycle	cell_cycle	Cell Cycle - General proliferation markers	MKI67|PCNA|TOP2A|CCNB1|CCNB2|CDK1|BIRC5|AURKA|AURKB|PLK1|BUB1|BUB1B|MAD2L1|CENPE|CENPF|KIF2C|KIF11|NUSAP1	18	High	pancreas_artifact_signatures.xlsx
NEG_027	pancreas	all_cells	negative	artifact	cell_cycle	cell_cycle	Cell Cycle - G1/S transition cyclins and CDKs	CCND1|CCND2|CCND3|CCNE1|CCNE2|CDK2|CDK4|CDK6|RB1|E2F1|E2F2|E2F3|MYC|CDKN1A|CDKN1B	15	High	pancreas_artifact_signatures.xlsx
NEG_028	pancreas	all_cells	negative	artifact	cell_cycle	cell_cycle	Cell Cycle - Replication-dependent histone genes (S-phase confounders)	HIST1H1A|HIST1H1B|HIST1H1C|HIST1H1D|HIST1H1E|HIST1H2AB|HIST1H2AC|HIST1H2AD|HIST1H2AE|HIST1H2AG|HIST1H2AH|HIST1H2AI|HIST1H2AJ|HIST1H2BF|HIST1H2BG|HIST1H2BH|HIST1H2BI|HIST1H2BJ|HIST1H2BK|HIST1H2BL|HIST1H2BM|HIST1H2BN|HIST1H3A|HIST1H3B|HIST1H3C|HIST1H3D|HIST1H3F|HIST1H3G|HIST1H3H|HIST1H4A|HIST1H4B|HIST1H4C|HIST1H4D|HIST1H4E|HIST1H4F|HIST1H4H|HIST2H2AC|HIST2H2BE	38	High	pancreas_artifact_signatures.xlsx
NEG_029	pancreas	all_cells	negative	artifact	cell_cycle	cell_cycle	Cell Cycle - Checkpoint regulators and CDK inhibitors	TP53|RB1|CDKN1A|CDKN1B|CDKN2A|CDKN2B|CHEK1|CHEK2|ATM|ATR|CCNA2|CCNB1|CDC25A|CDC25B|CDC25C|WEE1|PLK1|MAD2L1|BUB3|AURKA	20	High	pancreas_artifact_signatures.xlsx
NEG_030	pancreas	beta_cell	negative	subject_confounder	age	age	Age - Senescence markers: p16/CDKN2A+ beta cells with functional maturation	CDKN2A|CDKN2B|CDKN1A|TP53|RB1|GLB1|SERPINE1|IGFBP3|IGFBP5|IGFBP7	10	High	pancreas_demographic_signatures.xlsx
NEG_031	pancreas	beta_cell	negative	subject_confounder	age	age	Age - SASP (senescence-associated secretory phenotype) in aging beta cells	IL6|IL8|CXCL1|CXCL2|CCL2|MMP3|MMP9|TIMP1|SERPINE1|TGFB1|VEGFA|IGFBP3|PAI1	13	High	pancreas_demographic_signatures.xlsx
NEG_032	pancreas	beta_cell	negative	subject_confounder	age	age	Age - Maturation genes elevated in senescent p16+ beta cells (Aguayo-Mazzucato 2019)	MAFA|MAFB|UCN3|SIX2|SIX3|PDX1|NKX6-1|SLC2A2|GCK|PCSK1|PCSK2|CPE|ABCC8|KCNJ11	14	High	pancreas_demographic_signatures.xlsx
NEG_033	pancreas	beta_cell	negative	subject_confounder	age	age	Age - Insulin secretion pathway changes with aging	INS|IAPP|CHGA|CHGB|SCG5|SLC30A8|PCSK1|PCSK2|CPE|PAM|VAMP2|STX1A|SNAP25|SYT4	14	Medium	pancreas_demographic_signatures.xlsx
NEG_034	pancreas	alpha_cell	negative	subject_confounder	age	age	Age - Alpha cell identity genes (relatively stable with age per Enge et al.)	GCG|ARX|IRX2|MAFB|DPP4|GC|PCSK2|NEUROD1	8	Medium	pancreas_demographic_signatures.xlsx
NEG_035	pancreas	delta_cell	negative	subject_confounder	age	age	Age - Delta cell decline markers (reduced proportion with age, R2=0.59)	SST|HHEX|LEPR|PCSK1|RBP4|GABRB3|GHSR	7	Medium	pancreas_demographic_signatures.xlsx
NEG_036	pancreas	acinar_cell	negative	subject_confounder	age	age	Age - Exocrine aging: digestive enzyme decline and proinflammatory shift	PRSS1|PRSS2|CPA1|CTRB1|CTRB2|PNLIP|CEL|AMY2A|AMY2B|CTRC|REG1A|REG3A	12	Medium	pancreas_demographic_signatures.xlsx
NEG_037	pancreas	ductal_cell	negative	subject_confounder	age	age	Age - Ductal cell aging: KRAS mutations, ADM, and PDAC risk pathway	KRAS|TP53|SMAD4|CDKN2A|BRCA2|STK11|PRSS1|SPINK1|MUC1|MUC5AC|KRT19|SOX9|HNF1B	13	Medium	pancreas_demographic_signatures.xlsx
NEG_038	pancreas	all_cells	negative	subject_confounder	age	age	Age - DNA damage/repair pathway changes in aging pancreas	ATM|ATR|BRCA1|BRCA2|RAD51|XRCC1|OGG1|MUTYH|MLH1|MSH2|PARP1|H2AFX|MDM2|GADD45A|GADD45B	15	Medium	pancreas_demographic_signatures.xlsx
NEG_039	pancreas	all_cells	negative	subject_confounder	age	age	Age - Inflammaging: chronic low-grade inflammation in aging pancreas	NFKB1|NFKB2|RELA|TNF|IL1B|IL6|CXCL8|CCL2|NLRP3|STING1|CGAS|IRF3|IFNB1|STAT1|STAT3	15	Medium	pancreas_demographic_signatures.xlsx
NEG_040	pancreas	all_cells	negative	subject_confounder	age	age	Age - Circadian rhythm gene reorganization in aging pancreas (Sato et al.)	CLOCK|ARNTL|PER1|PER2|PER3|CRY1|CRY2|NR1D1|NR1D2|RORA|RORB|DBP|TEF|BHLHE40|BHLHE41|NPAS2	16	Medium	pancreas_demographic_signatures.xlsx
NEG_041	pancreas	all_cells	negative	subject_confounder	age	age	Age - Oxidative stress and mitochondrial dysfunction with aging	SOD1|SOD2|CAT|GPX1|GPX4|PRDX1|PRDX3|TXNRD1|NFE2L2|HMOX1|NQO1|PINK1|PRKN|TFAM|PPARGC1A	15	Medium	pancreas_demographic_signatures.xlsx
NEG_042	pancreas	all_cells	negative	subject_confounder	age	age	Age - Epigenetic regulators altered with pancreatic aging	DNMT1|DNMT3A|DNMT3B|TET1|TET2|TET3|HDAC1|HDAC2|SIRT1|SIRT3|SIRT6|KDM6A|EZH2|CTCF|LMNB1	15	Low	pancreas_demographic_signatures.xlsx
NEG_043	pancreas	all_cells_male	negative	subject_confounder	sex	sex	Sex - Y-chromosome genes expressed in male pancreatic islet cells	SRY|RPS4Y1|EIF1AY|DDX3Y|KDM5D|USP9Y|UTY|ZFY|NLGN4Y|TXLNGY|TTTY14|TTTY15	12	High	pancreas_demographic_signatures.xlsx
NEG_044	pancreas	all_cells_female	negative	subject_confounder	sex	sex	Sex - X-chromosome escape genes with female-biased dosage in islets	XIST|TSIX|JPX|FTX|KDM6A|DDX3X|EIF1AX|ZFX|RPS4X|CD99|SLC25A6	11	High	pancreas_demographic_signatures.xlsx
NEG_045	pancreas	beta_cell	negative	subject_confounder	sex	sex	Sex - Hormone receptor expression mediating sex-specific insulin secretion	ESR1|ESR2|AR|GPER1|PGR|SHBG|CYP19A1|SRD5A1|SRD5A2|HSD17B1|HSD17B3	11	High	pancreas_demographic_signatures.xlsx
NEG_046	pancreas	beta_cell	negative	subject_confounder	sex	sex	Sex - Core beta cell identity genes modulated by sex (PDX1, NKX6-1 stable)	PDX1|NKX6-1|MAFA|MAFB|PAX6|RXRG|INS|GCK|SLC2A2|KCNJ11|ABCC8	11	High	pancreas_demographic_signatures.xlsx
NEG_047	pancreas	beta_cell_female	negative	subject_confounder	sex	sex	Sex - Female-biased T2D-upregulated genes in beta cells	CNN3|CDC42SE1|CTNNB1|LSM12|PPP1CB	5	High	pancreas_demographic_signatures.xlsx
NEG_048	pancreas	beta_cell_female	negative	subject_confounder	sex	sex	Sex - Female-biased T2D-downregulated genes in beta cells	DNAJC15|SCNM1|HLA-L|PPWD1|PSMG3	5	High	pancreas_demographic_signatures.xlsx
NEG_049	pancreas	beta_cell_male	negative	subject_confounder	sex	sex	Sex - Male-biased T2D-upregulated genes in beta cells	MT-TS2|RELL1|PCDH7|CDH10|FAM229B|GSTT1	6	High	pancreas_demographic_signatures.xlsx
NEG_050	pancreas	beta_cell_male	negative	subject_confounder	sex	sex	Sex - Male-biased T2D-downregulated genes in beta cells	TM4SF1|MCOLN3|GPX4|COA3|MCJ	5	High	pancreas_demographic_signatures.xlsx
NEG_051	pancreas	beta_cell	negative	subject_confounder	sex	sex	Sex - Oppositely regulated genes between sexes in T2D (SCD paradigm)	SCD|CCNA2|CCNB1|CDK1|CDK2|GCK|KCNQ1|PIK3R1	8	High	pancreas_demographic_signatures.xlsx
NEG_052	pancreas	all_cells	negative	subject_confounder	sex	sex	Sex - Cell cycle regulators showing sex-dependent expression in islets	CCNA2|CCNB1|CDK1|CDK2|CCND1|CCND2|MKI67|PCNA|TOP2A	9	Medium	pancreas_demographic_signatures.xlsx
NEG_053	pancreas	beta_cell	negative	subject_confounder	sex	sex	Sex - GWAS T2D risk loci with sex-specific effects in islets	KCNQ1|TCF7L2|HHEX|CDKAL1|IGF2BP2|SLC30A8|CDKN2A|CDKN2B|FTO|PPARG|KCNJ11|MTNR1B|HNF1A|HNF4A	14	Medium	pancreas_demographic_signatures.xlsx
NEG_054	pancreas	all_cells	negative	subject_confounder	sex	sex	Sex - Calcium signaling and SOCE pathway (sex-dependent in islets)	STIM1|ORAI1|ORAI2|CACNA1C|CACNA1D|TRPM5|ATP2A2|ATP2A3|RYR2|ITPR1|ITPR2|ITPR3	12	Medium	pancreas_demographic_signatures.xlsx
NEG_055	pancreas	beta_cell	negative	subject_confounder	BMI	BMI	BMI - Beta cell stress response to obesity: ER stress and UPR activation	HSPA5|DDIT3|ATF4|ATF6|ERN1|XBP1|EIF2AK3|DNAJB9|DNAJC3|HERPUD1|HYOU1|MANF|CRELD2|SEL1L|EDEM1|HSF1	16	High	pancreas_demographic_signatures.xlsx
NEG_056	pancreas	beta_cell	negative	subject_confounder	BMI	BMI	BMI - Lipotoxicity response genes in beta cells with high BMI	SCD|FASN|ACACA|SREBF1|PPARA|PPARG|PPARGC1A|CPT1A|ACOX1|FABP4|FABP5|CD36|LPL|DGAT1|DGAT2	15	High	pancreas_demographic_signatures.xlsx
NEG_057	pancreas	beta_cell	negative	subject_confounder	BMI	BMI	BMI - Beta cell identity erosion in obesity (dedifferentiation markers from Gemini)	ALDH1A3|GASTRIN|PYY|NEUROG3|NANOG|POU5F1|SOX2|MYC|HES1|SOX9|CFTR|KRT19|DLK1|CDKN1C	14	High	pancreas_demographic_signatures.xlsx
NEG_058	pancreas	beta_cell	negative	subject_confounder	BMI	BMI	BMI - Insulin secretion compensatory response in obesity	INS|IAPP|GCK|SLC2A2|PCSK1|PCSK2|ABCC8|KCNJ11|VAMP2|STX1A|SNAP25|SLC30A8|CACNA1C|SYT1|FXYD2	15	Medium	pancreas_demographic_signatures.xlsx
NEG_059	pancreas	immune_cell_TRM	negative	subject_confounder	BMI	BMI	BMI - Tissue-resident memory T-cell expansion in obese exocrine pancreas	CD3D|CD3E|CD8A|CD8B|GZMB|GZMK|PRF1|IFNG|TNF|NKG7|CCL5|CXCR6|ITGAE|CD69|IL32|TNFAIP3	16	High	pancreas_demographic_signatures.xlsx
NEG_060	pancreas	macrophage	negative	subject_confounder	BMI	BMI	BMI - Macrophage accumulation and inflammatory signaling in obese pancreas	CD14|CD68|CD163|ITGAX|CSF1R|CCL2|CCL3|CCL4|IL1B|IL6|TNF|TGFB1|MRC1|MSR1|MARCO|FOLR2|LGALS3	17	High	pancreas_demographic_signatures.xlsx
NEG_061	pancreas	stellate_fibroblast	negative	subject_confounder	BMI	BMI	BMI - Fibrosis and ECM remodeling in obese pancreas (Gemini: COL6, SFRP4)	COL1A1|COL1A2|COL3A1|COL4A1|COL6A1|COL6A3|FN1|ACTA2|VIM|PDGFRA|PDGFRB|TGFB1|CTGF|MMP2|MMP9|TIMP1|LOX|SFRP4|SULF1|OSM|VCAN|PODN	22	High	pancreas_demographic_signatures.xlsx
NEG_062	pancreas	all_cells	negative	subject_confounder	BMI	BMI	BMI - Adipokine/GPCR receptor signaling altered in obese pancreas	LEPR|ADIPOQ|ADIPOR1|ADIPOR2|LEP|GHRL|GLP1R|GIPR|INSR|IGF1R|IRS1|IRS2|APLNR|C3AR1|STRA6|RBP4|NR3C1	17	Medium	pancreas_demographic_signatures.xlsx
NEG_063	pancreas	all_cells	negative	subject_confounder	BMI	BMI	BMI - mTOR/nutrient sensing pathway (overactivated in obesity)	MTOR|RPTOR|RICTOR|TSC1|TSC2|RHEB|AKT1|AKT2|PIK3CA|PIK3R1|PTEN|PRKAA1|PRKAA2|STK11	14	Medium	pancreas_demographic_signatures.xlsx
NEG_064	pancreas	acinar_cell	negative	subject_confounder	BMI	BMI	BMI - Exocrine atrophy and fat infiltration markers in obesity	PRSS1|PRSS2|AMY2A|PNLIP|CEL|CPA1|CTRB1|ADIPOQ|FABP4|PPARG|CEBPA|PLIN1|PLIN2|LPL|REG1A	15	Medium	pancreas_demographic_signatures.xlsx
NEG_065	pancreas	ductal_cell	negative	subject_confounder	BMI	BMI	BMI - Ductal cell stress markers in obese pancreas (EMT-like from Gemini)	KRT18|KRT19|MMP7|SPP1|CXCL8|SOX9|HNF1B|CFTR|CA2|S100A2|APOE|CCK	12	Medium	pancreas_demographic_signatures.xlsx
NEG_066	pancreas	beta_cell	negative	subject_confounder	BMI	BMI	BMI - BMI-associated T2D GWAS loci with islet expression	TCF7L2|FTO|PPARG|CCND2|PAX4|SLC30A8|KCNJ11|ABCC8|FFAR4|UNC5D|GLRA1|SMOC1	12	Medium	pancreas_demographic_signatures.xlsx
NEG_067	pancreas	beta_cell	negative	subject_confounder	height	height	Height - GH-IGF1 axis genes expressed in pancreatic islets (Gemini confirmed)	GHR|IGF1|IGF2|IGF1R|IGF2R|IGFBP1|IGFBP2|IGFBP3|IGFBP6|JAK2|STAT5B|SIRT1	12	High	pancreas_demographic_signatures.xlsx
NEG_068	pancreas	all_cells	negative	subject_confounder	height	height	Height - Height GWAS loci with pancreatic expression (GIANT consortium, Gemini)	HMGA2|GDF5|ACAN|ADAMTS17|ZBTB38|LCORL|NCAPG|PLAG1|DLG2|CABLES1|CEP63|GNA12|ADCY5|DGKB	14	High	pancreas_demographic_signatures.xlsx
NEG_069	pancreas	beta_cell	negative	subject_confounder	height	height	Height - mTOR growth signaling pathway in islets (nutrient-height coupling)	MTOR|RPTOR|RICTOR|RPS6KB1|EIF4EBP1|RPS6|EIF4E|EIF4G1|RHEB|TSC1|TSC2|DEPTOR|MLST8|PTEN	14	Medium	pancreas_demographic_signatures.xlsx
NEG_070	pancreas	all_cells	negative	subject_confounder	height	height	Height - Hippo-YAP pathway controlling organ size (from Gemini C4 report)	MST1|LATS1|YAP1|WWTR1|TEAD1|TEAD2|TEAD3|TEAD4|MOB1A|SAV1|NF2|AMOT	12	High	pancreas_demographic_signatures.xlsx
NEG_071	pancreas	all_cells	negative	subject_confounder	height	height	Height - Developmental morphogen pathways with height association (Gemini: SHH, BMP, Notch)	SHH|IHH|PTCH1|SMO|GLI1|GLI2|GLI3|BMP2|BMP4|BMP6|BMP7|TGFB1|TGFB2|TGFB3|SMAD3	15	Medium	pancreas_demographic_signatures.xlsx
NEG_072	pancreas	all_cells	negative	subject_confounder	height	height	Height - WNT and Notch signaling linked to growth and pancreas development	WNT2B|WNT3A|WNT5A|FZD1|FZD2|LRP5|LRP6|CTNNB1|APC|AXIN2|GSK3B|TCF7L2|DLL1|JAG1|HES1|NOTCH1|NOTCH2	17	Medium	pancreas_demographic_signatures.xlsx
NEG_073	pancreas	all_cells	negative	subject_confounder	height	height	Height - Pancreatic TFs at height-associated loci (from Gemini)	GLIS3|NFIB|PDX1|PTF1A|SOX9|HNF1B|MEG3|PROX1	8	Medium	pancreas_demographic_signatures.xlsx
NEG_074	pancreas	all_cells	negative	subject_confounder	height	height	Height - Cell size regulators and ribosomal biogenesis (height-correlated)	MYC|MYCN|RPS6KB1|EIF4E|NPM1|NCL|FBL|NOP56|DKC1|POLR1A|UBTF|RRN3	12	Low	pancreas_demographic_signatures.xlsx
NEG_075	pancreas	beta_cell	negative	subject_confounder	ancestry	ancestry	Ancestry - T2D GWAS risk loci with population-specific allele frequencies (DIAMANTE)	TCF7L2|SLC16A11|SLC16A13|KCNQ1|CDKAL1|HHEX|IGF2BP2|FTO|PPARG|KCNJ11|HNF1A|HNF4A|SLC30A8|MTNR1B|PAX4|CCND2	16	High	pancreas_demographic_signatures.xlsx
NEG_076	pancreas	all_cells	negative	subject_confounder	ancestry	ancestry	Ancestry - HLA region genes with population-specific islet autoimmunity risk	HLA-A|HLA-B|HLA-C|HLA-DRB1|HLA-DQA1|HLA-DQB1|HLA-DPA1|HLA-DPB1|HLA-E|HLA-F|HLA-G|B2M|TAP1|TAP2|PSMB8|PSMB9	16	High	pancreas_demographic_signatures.xlsx
NEG_077	pancreas	beta_cell	negative	subject_confounder	ancestry	ancestry	Ancestry - SLC16A11/A13 locus (Latin American T2D risk, Sigma Consortium)	SLC16A11|SLC16A13|SLC16A1|SLC16A3|SLC16A7	5	High	pancreas_demographic_signatures.xlsx
NEG_078	pancreas	beta_cell	negative	subject_confounder	ancestry	ancestry	Ancestry - Population-specific insulin secretion and beta cell function genes	INS|GCK|ABCC8|KCNJ11|SLC2A2|PCSK1|PCSK2|PDX1|NKX6-1|MAFA|PAX4|PAX6|NEUROD1|GLIS3|RFX6	15	Medium	pancreas_demographic_signatures.xlsx
NEG_079	pancreas	beta_cell	negative	subject_confounder	ancestry	ancestry	Ancestry - East Asian-enriched T2D loci with islet expression	KCNQ1|PAX4|CDKAL1|UBE2E2|C2CD4A|C2CD4B|GLIS3|JAZF1|ANK1|HMGA2|GRB14|PSMD6|ST6GAL1	13	Medium	pancreas_demographic_signatures.xlsx
NEG_080	pancreas	beta_cell	negative	subject_confounder	ancestry	ancestry	Ancestry - African-enriched T2D loci with islet expression	TCF7L2|KCNQ1|ZRANB3|HLA-DQA1|INS|GCK|ABCC8|MC4R|HHEX|CDKN2A|CDKN2B|IGF2BP2	12	Medium	pancreas_demographic_signatures.xlsx
NEG_081	pancreas	beta_cell	negative	subject_confounder	ancestry	ancestry	Ancestry - Greenlandic/Arctic population-specific T2D variants	TBC1D4|AKT2|HNF1A|GCK|ABCC8|SLC30A8	6	Medium	pancreas_demographic_signatures.xlsx
NEG_082	pancreas	all_cells	negative	subject_confounder	ancestry	ancestry	Ancestry - Admixture-sensitive inflammatory and immune genes in islets	IL6|TNF|IL1B|CCL2|CXCL10|IFNG|NLRP3|TLR4|TLR7|TLR9|IRF5|STAT4|CTLA4|IL2RA|PTPN22	15	Medium	pancreas_demographic_signatures.xlsx
NEG_083	pancreas	all_cells	negative	subject_confounder	ancestry	ancestry	Ancestry - eQTL genes with population-specific effects in pancreatic tissue (GTEx/Gemini)	TCF7L2|MTNR1B|SLC30A8|ADCY5|PROX1|DGKB|GCK|GLIS3|THADA|ARAP1|CAMK1D|CDC123|KCNK16	13	Medium	pancreas_demographic_signatures.xlsx
NEG_084	pancreas	beta_cell	negative	subject_confounder	ancestry	ancestry	Ancestry - Novel ancestry-specific islet genes from Gemini Deep Research	FAM46A|BMP5|ERO1B|DCLRE1B|MEG3|FFAR1|DNAJC3|UCHL1|NRP1|ANXA4|SIX3|XBP1	12	Medium	pancreas_demographic_signatures.xlsx
NEG_085	pan_tissue	all_cells	negative	subject_confounder	age	age	Age - Core senescence program: universal CDKN2A/p21 cell cycle arrest across tissues	CDKN2A|CDKN1A|CDKN2B|TP53|RB1|GLB1|SERPINE1|LMNB1|HMGA1|HMGA2|CDK4|CDK6|CCND1|E2F1|MDM2	15	High	pantissue_demographic_signatures.xlsx
NEG_086	pan_tissue	all_cells	negative	subject_confounder	age	age	Age - SASP: senescence-associated secretory phenotype (universal cross-tissue)	IL6|IL8|CXCL1|CXCL2|CXCL3|CXCL8|CCL2|CCL3|CCL4|CCL5|CCL7|CCL8|CCL13|CCL20|MMP1|MMP3|MMP10|MMP12|SERPINE1|IGFBP3|IGFBP5|IGFBP7|GDF15|AREG|TIMP1|CSF2|IL1A|IL1B	28	High	pantissue_demographic_signatures.xlsx
NEG_087	pan_tissue	all_cells	negative	subject_confounder	age	age	Age - Telomere maintenance: shelterin complex and telomerase components	TERT|TERC|TERF1|TERF2|TERF2IP|POT1|ACD|RAP1|TINF2|TPP1|RTEL1|DKC1|NHP2|NOP10|GAR1	15	High	pantissue_demographic_signatures.xlsx
NEG_088	pan_tissue	all_cells	negative	subject_confounder	age	age	Age - Mitochondrial dysfunction: OXPHOS decline and mitophagy across tissues	PPARGC1A|TFAM|NRF1|NDUFS7|NDUFA9|NDUFC1|IDH3A|MDH2|SUCLG1|COX5B|ATP5F1A|PINK1|PRKN|BNIP3|BNIP3L|MFN1|MFN2|OPA1|DRP1|SIRT1|SIRT3	21	High	pantissue_demographic_signatures.xlsx
NEG_089	pan_tissue	all_cells	negative	subject_confounder	age	age	Age - DNA damage response: universal age-associated DDR activation	ATM|ATR|BRCA1|PARP1|H2AFX|GADD45A|GADD45B|ERCC1|ERCC4|XRCC1|OGG1|MUTYH|MLH1|MSH2|RAD51|TP53BP1|CHEK1|CHEK2	18	High	pantissue_demographic_signatures.xlsx
NEG_090	pan_tissue	all_cells	negative	subject_confounder	age	age	Age - Inflammaging: NF-kB driven chronic inflammation across tissues	NFKB1|NFKB2|RELA|IKBKB|TNF|IL1B|IL6|IL18|NLRP3|PYCARD|CASP1|CGAS|STING1|IRF3|MYD88|TLR2|TLR4|IRAK1|STAT3	19	High	pantissue_demographic_signatures.xlsx
NEG_091	pan_tissue	all_cells	negative	subject_confounder	age	age	Age - Epigenetic clock genes: methylation-based aging biomarkers	ELOVL2|FHL2|TRIM59|KLF14|PENK|NHLRC1|SCGN|EDARADD|CCDC102B|MIR29B2CHG|DNMT1|DNMT3A|DNMT3B|TET1|TET2|TET3	16	High	pantissue_demographic_signatures.xlsx
NEG_092	pan_tissue	all_cells	negative	subject_confounder	age	age	Age - Oxidative stress response: ROS defense declining with age	SOD1|SOD2|CAT|GPX1|GPX4|PRDX1|PRDX3|TXNRD1|TXNRD2|NFE2L2|KEAP1|HMOX1|NQO1|GSTP1|GSTM1	15	Medium	pantissue_demographic_signatures.xlsx
NEG_093	pan_tissue	all_cells	negative	subject_confounder	age	age	Age - Circadian rhythm disruption: clock gene dysregulation in aging	CLOCK|ARNTL|PER1|PER2|PER3|CRY1|CRY2|NR1D1|NR1D2|RORA|RORB|DBP|TEF|BHLHE40|BHLHE41|NPAS2|CSNK1D|CSNK1E	18	Medium	pantissue_demographic_signatures.xlsx
NEG_094	pan_tissue	all_cells	negative	subject_confounder	age	age	Age - Chromatin remodeling: age-associated epigenetic regulators	HDAC1|HDAC2|HDAC3|SIRT1|SIRT6|SIRT7|KDM6A|EZH2|SUV39H1|HP1A|CTCF|LMNB1|LMNA|H3F3A|H3F3B|ATRX	16	Medium	pantissue_demographic_signatures.xlsx
NEG_095	pan_tissue	immune_cell	negative	subject_confounder	age	age	Age - Immune aging: myeloid/lymphoid skewing and immunosenescence markers	B2M|CD14|CD74|C1QA|C1QB|C1QC|C3|C3AR1|ITGAX|IRF1|IRF8|LAPTM5|PTPN6|LBP|CD52|CD55|TBX21|IL7|IL15|IL32|IL34	21	Medium	pantissue_demographic_signatures.xlsx
NEG_096	pan_tissue	fibroblast	negative	subject_confounder	age	age	Age - ECM remodeling: collagen/matrix genes altered with tissue aging	COL1A1|COL1A2|COL3A1|COL15A1|ELN|FBN1|LOX|LOXL2|MMP2|MMP9|TIMP1|TIMP2|ADAMTS2|PLOD2|SPARC|THBS1|THBS2	17	Medium	pantissue_demographic_signatures.xlsx
NEG_097	pan_tissue	endothelial_cell	negative	subject_confounder	age	age	Age - Vascular aging: endothelial dysfunction and angiogenesis decline	PLVAP|EPHB4|ANGPT1|ANGPTL4|VEGFA|VEGFB|KDR|NOS3|PECAM1|CDH5|VWF|SELE|ICAM1|VCAM1|THBD|PROCR	16	Medium	pantissue_demographic_signatures.xlsx
NEG_098	pan_tissue	all_cells	negative	subject_confounder	age	age	Age - Proteostasis decline: autophagy and UPR dysregulation	BECN1|ATG5|ATG7|ATG12|SQSTM1|MAP1LC3B|LAMP1|LAMP2|HSPA5|HSP90B1|DDIT3|ATF4|ATF6|EIF2AK3|XBP1|ERN1|CALR	17	Medium	pantissue_demographic_signatures.xlsx
NEG_099	pan_tissue	stem_cell	negative	subject_confounder	age	age	Age - Stem cell exhaustion: age-related regenerative decline markers	TERT|BMI1|NANOG|SOX2|KLF4|MYC|NOTCH1|NOTCH2|WNT3A|CTNNB1|LGR5|ASCL2|OLFM4|HOPX|LRIG1|BMI1|EZH2	17	Low	pantissue_demographic_signatures.xlsx
NEG_100	pan_tissue	all_cells	negative	subject_confounder	age	age	Age - Novel Gemini-identified aging genes: tissue-wide expression changes	SFTPB|SFTPD|GFAP|BMP2|BMP6|STC1|NKX2-1|DPYD|MT2A|APOD|ABCA8|EHD4|COL15A1|CSF1|CSF2RB|TGFBI	16	Low	pantissue_demographic_signatures.xlsx
NEG_101	pan_tissue	all_cells_male	negative	subject_confounder	sex	sex	Sex - Y-chromosome genes: universally male-biased across all GTEx tissues	SRY|RPS4Y1|RPS4Y2|EIF1AY|DDX3Y|KDM5D|USP9Y|UTY|ZFY|NLGN4Y|TXLNGY|PCDH11Y|TGIF2LY|AMELY|PRKY|TMSB4Y	16	High	pantissue_demographic_signatures.xlsx
NEG_102	pan_tissue	all_cells_female	negative	subject_confounder	sex	sex	Sex - X-chromosome escape genes: consistent female-biased expression in GTEx	XIST|JPX|FTX|KDM6A|KDM5C|DDX3X|EIF1AX|ZFX|RPS4X|USP9X|SMC1A|ASMTL|SLC25A6|P2RY8|AKAP17A|CD99|VAMP7|SPRY3|PUDP	19	High	pantissue_demographic_signatures.xlsx
NEG_103	pan_tissue	all_cells	negative	subject_confounder	sex	sex	Sex - Autosomal sex-biased genes: hormone-responsive transcription factors	ESR1|ESR2|AR|PGR|GPER1|ESRRA|SHBG|CYP19A1|SRD5A1|SRD5A2|HSD17B1|HSD17B3|HSD3B1|STAR|CYP17A1|CYP11A1	16	High	pantissue_demographic_signatures.xlsx
NEG_104	pan_tissue	all_cells	negative	subject_confounder	sex	sex	Sex - GTEx sex-biased expression: top autosomal genes across 44 tissues	GREB1|NRIP1|FOSL1|TF|CELSR2|HNF4A|HKDC1|FURIN|RNASET2|TSPAN6|TSNARE1|CD40LG|EDA2R|EGFL6|FAM9B|DCAF12L1|MSL3|CAVIN1|CAVIN4|CCL28	20	High	pantissue_demographic_signatures.xlsx
NEG_105	pan_tissue	all_cells	negative	subject_confounder	sex	sex	Sex - Drug metabolism: sex-dimorphic CYP450 enzymes (pharmacogenomics confounder)	CYP1A2|CYP2C19|CYP2D6|CYP3A4|CYP3A7|CYP2E1|CYP1B1|CYP2B6|CYP2C9|UGT1A1|UGT2B17|UGT2B15|ABCB1|ABCG2|SLC22A1	15	High	pantissue_demographic_signatures.xlsx
NEG_106	pan_tissue	immune_cell	negative	subject_confounder	sex	sex	Sex - Sex-biased innate immunity: TLR7/8 and interferon response	TLR7|TLR8|IRAK1|IRF5|IRF7|IFNA1|IFNB1|ISG15|MX1|OAS1|OAS2|STAT1|STAT2|DDX58|IFIH1|TRIM25	16	Medium	pantissue_demographic_signatures.xlsx
NEG_107	pan_tissue	all_cells	negative	subject_confounder	sex	sex	Sex - GH/IGF1 axis sex dimorphism: growth hormone pulsatility effects	GH1|GHR|IGF1|IGFBP1|IGFBP3|STAT5B|SOCS2|CYP2C11|SLC22A7|SERPINA3|SERPINA6|IGFALS	12	Medium	pantissue_demographic_signatures.xlsx
NEG_108	pan_tissue	all_cells	negative	subject_confounder	sex	sex	Sex - Chromatin sex differences: X-inactivation and dosage compensation	XIST|TSIX|FIRRE|SMCHD1|DNMT3B|MECP2|H3K27ME3|ATRX|SETDB1|TRIM28|YY1|CTCF|HDAC3|HDAC8|JARID2	15	Medium	pantissue_demographic_signatures.xlsx
NEG_109	pan_tissue	all_cells	negative	subject_confounder	sex	sex	Sex - Novel Gemini-identified sex-dimorphic genes across tissues	ZNF726|ZNF730|MST4|ABCA3|AAAS|PRKX|HPRT1|FYB1|GATA3|EGFL6|LCL|TSPAN6|TSNARE1	13	Low	pantissue_demographic_signatures.xlsx
NEG_110	pan_tissue	adipocyte	negative	subject_confounder	BMI	BMI	Weight_BMI - Core adipogenesis/lipid metabolism: universal BMI-responsive genes	LEP|ADIPOQ|FABP4|PPARG|CEBPA|CEBPB|PLIN1|PLIN2|CIDEA|LPL|FASN|ACACA|ACACB|DGAT1|DGAT2|SCD|ELOVL6|CD36	18	High	pantissue_demographic_signatures.xlsx
NEG_111	pan_tissue	all_cells	negative	subject_confounder	BMI	BMI	Weight_BMI - Insulin resistance pathway: cross-tissue IR signaling	IRS1|IRS2|SLC2A4|PIK3R1|PIK3CA|AKT1|AKT2|PTEN|INSR|IGF1R|GRB2|SOS1|FOXO1|FOXO3|GSK3B|PPARGC1A|PCK1|G6PC	18	High	pantissue_demographic_signatures.xlsx
NEG_112	pan_tissue	all_cells	negative	subject_confounder	BMI	BMI	Weight_BMI - ER stress/UPR: obesity-induced unfolded protein response	HSPA5|HSP90B1|DDIT3|ATF3|ATF4|ATF6|EIF2AK3|EIF2S1|XBP1|ERN1|EDEM1|DNAJC3|CALR|CANX|SEL1L|DERL1|HERPUD1	17	High	pantissue_demographic_signatures.xlsx
NEG_113	pan_tissue	macrophage	negative	subject_confounder	BMI	BMI	Weight_BMI - Adipose tissue macrophage activation: M1 polarization in obesity	CD14|CD68|ITGAX|ITGB2|CCL2|CCL4|TNF|IL1B|IL6|CXCL8|CXCL10|TLR2|TLR4|MYD88|NFKB1|NLRP3|SPP1|C1QA|C1QB|C1QC|CTSS|LY86|FCN1|MNDA|NCF2	25	High	pantissue_demographic_signatures.xlsx
NEG_114	pan_tissue	all_cells	negative	subject_confounder	BMI	BMI	Weight_BMI - Lipotoxicity: fatty acid oxidation and ceramide stress	CPT1A|CPT1B|CPT2|PPARA|ACOX1|ACADL|ACADM|ACADVL|HMGCR|HMGCS1|SMPD1|SMPD2|CERS2|CERS4|CERS6|UGCG|GBA1	17	High	pantissue_demographic_signatures.xlsx
NEG_115	pan_tissue	all_cells	negative	subject_confounder	BMI	BMI	Weight_BMI - GWAS obesity/T2D loci with transcriptomic effects (eQTL-validated)	FTO|MC4R|TMEM18|BDNF|SH2B1|GNPDA2|NEGR1|TCF7L2|GCKR|PNPLA3|KLF14|NT5C2|PEPD|PHACTR3|GALNTL6|NUDT10|LINC01612	17	High	pantissue_demographic_signatures.xlsx
NEG_116	pan_tissue	all_cells	negative	subject_confounder	BMI	BMI	Weight_BMI - Adipokine signaling: secreted factors altered by BMI across tissues	LEP|LEPR|ADIPOQ|ADIPOR1|ADIPOR2|RETN|RBP4|NAMPT|ANGPTL4|APELIN|IL6|TNF|CRP|SAA1|SAA2|CFD|VEGFB	17	Medium	pantissue_demographic_signatures.xlsx
NEG_117	pan_tissue	all_cells	negative	subject_confounder	BMI	BMI	Weight_BMI - Mitochondrial bioenergetics: OXPHOS suppression in obesity	PPARGC1A|PPARGC1B|PPARA|PPARD|ESRRA|NRF1|TFAM|NDUFA1|NDUFB8|SDHB|UQCRC2|COX5A|ATP5F1A|CS|IDH2|ACO2|PRKAA1	17	Medium	pantissue_demographic_signatures.xlsx
NEG_118	pan_tissue	all_cells	negative	subject_confounder	BMI	BMI	Weight_BMI - Extracellular matrix remodeling in obese tissues	COL6A1|COL6A2|COL6A3|COL1A1|COL3A1|MMP2|MMP7|MMP8|MMP9|TIMP1|TIMP3|LOX|LOXL2|SPARC|TNC|FN1|CCDC80|SFRP2|MGP	19	Medium	pantissue_demographic_signatures.xlsx
NEG_119	pan_tissue	all_cells	negative	subject_confounder	BMI	BMI	Weight_BMI - SREBP lipogenesis: de novo lipid synthesis upregulated by BMI	SREBF1|SREBF2|SCAP|INSIG1|INSIG2|FASN|ACACA|ACACB|SCD|ELOVL6|ACLY|HMGCR|HMGCS1|LDLR|PCSK9|ABCA1	16	Medium	pantissue_demographic_signatures.xlsx
NEG_120	pan_tissue	all_cells	negative	subject_confounder	BMI	BMI	Weight_BMI - Novel Gemini-identified BMI genes: pan-tissue expression changes	CCDC80|CHURC1|CD300LG|GPD1L|HOGA1|RNF128|SNAPC3|YPEL3|ZNF117|ZNF423|ZNF646|FGR|FYB1|SLC27A2|PLA2G7|GSTM3|SOD3|GPX3	18	Low	pantissue_demographic_signatures.xlsx
NEG_121	pan_tissue	all_cells	negative	subject_confounder	height	height	Height - GH-IGF1 axis: core growth hormone/IGF signaling cascade	GH1|GH2|GHR|GHRHR|IGF1|IGF1R|IGF2|IGF2R|IGFALS|IGFBP1|IGFBP2|IGFBP3|IGFBP4|IGFBP5|JAK2|STAT5A|STAT5B|SOCS2|SOCS3|STC2|PAPPA|CSH1|CSH2	23	High	pantissue_demographic_signatures.xlsx
NEG_122	pan_tissue	all_cells	negative	subject_confounder	height	height	Height - GIANT consortium GWAS: top height-associated loci with eQTL effects	HMGA2|LCORL|NCAPG|ZBTB38|GDF5|ACAN|ADAMTS17|ADAMTSL3|DLG2|GNA12|HHIP|CABLES1|CDK6|IHH|NPR2|NPPC|FBN1|EIF3H|NABP2|BPTF|INO80	21	High	pantissue_demographic_signatures.xlsx
NEG_123	pan_tissue	all_cells	negative	subject_confounder	height	height	Height - mTOR pathway: mechanistic target of rapamycin growth signaling	MTOR|RPTOR|RICTOR|MLST8|DEPTOR|AKT1S1|MAPKAP1|RPS6KB1|EIF4EBP1|EIF4E|RPS6|TSC1|TSC2|RHEB|PRAS40|MAP4K3|MAP4K4	17	High	pantissue_demographic_signatures.xlsx
NEG_124	pan_tissue	all_cells	negative	subject_confounder	height	height	Height - Hippo-YAP pathway: organ size control and tissue growth regulation	MST1|MST2|LATS1|LATS2|YAP1|WWTR1|TEAD1|TEAD2|TEAD3|TEAD4|STK4|STK3|SAV1|MOB1A|MOB1B|NF2|AMOT|AJUBA	18	High	pantissue_demographic_signatures.xlsx
NEG_125	pan_tissue	all_cells	negative	subject_confounder	height	height	Height - BMP/GDF morphogens: bone/cartilage developmental signaling	BMP2|BMP4|BMP7|GDF5|GDF10|BMPR1A|BMPR1B|BMPR2|SMAD1|SMAD5|SMAD9|SMAD4|NOGGIN|GREM1|CHRD|FST|INHBA|ACVR2A	18	Medium	pantissue_demographic_signatures.xlsx
NEG_126	pan_tissue	all_cells	negative	subject_confounder	height	height	Height - WNT/Hedgehog/Notch: developmental morphogen pathways affecting stature	WNT3A|WNT5A|WNT10B|CTNNB1|AXIN2|DVL1|FZD1|LRP5|LRP6|SHH|IHH|PTCH1|SMO|GLI1|GLI2|GLI3|HHIP|NOTCH1|NOTCH2|DLL1|JAG1|HES1|HEY1	23	Medium	pantissue_demographic_signatures.xlsx
NEG_127	pan_tissue	chondrocyte	negative	subject_confounder	height	height	Height - Growth plate biology: chondrocyte maturation and long bone growth	COL2A1|COL10A1|COL11A1|ACAN|SOX9|SOX5|SOX6|RUNX2|SP7|IHH|PTH1R|PTHLH|FGFR3|FGFR1|FGF18|CNP|NPR2|MMP13|COMP|MATN3	20	Medium	pantissue_demographic_signatures.xlsx
NEG_128	pan_tissue	all_cells	negative	subject_confounder	height	height	Height - PI3K-AKT growth signaling: nutrient sensing and cell size regulation	PIK3CA|PIK3CB|PIK3R1|AKT1|AKT2|PTEN|PDPK1|GSK3B|FOXO1|FOXO3|INSR|IGF1R|TSC1|TSC2|RPS6KB2|EIF4E|EIF4G1	17	Medium	pantissue_demographic_signatures.xlsx
NEG_129	pan_tissue	all_cells	negative	subject_confounder	height	height	Height - Transcription factors: height-GWAS validated developmental TFs	HMGA2|TBX2|GNAS|DLX5|SHOX|SHOX2|HOXA13|HOXD13|RUNX2|SOX9|PAX1|PAX9|TBX15|TBX18|GDF5|BMP2|PITX1	17	Medium	pantissue_demographic_signatures.xlsx
NEG_130	pan_tissue	all_cells	negative	subject_confounder	height	height	Height - Novel Gemini-identified height genes: cross-tissue stature signals	ACADVL|CSHP1|DET1|YY1|YY1AP1|HANDLS|FURIN|NCAPG|LCORL|GNA12|STC2|PAPPA|ACAN|HHIP	14	Low	pantissue_demographic_signatures.xlsx
NEG_131	pan_tissue	all_cells	negative	subject_confounder	ancestry	ancestry	Ancestry - HLA/MHC region: highest population-differentiated expression locus	HLA-A|HLA-B|HLA-C|HLA-DRB1|HLA-DQA1|HLA-DQB1|HLA-DPA1|HLA-DPB1|HLA-DRA|B2M|TAP1|TAP2|PSMB8|PSMB9|TAPBP|MICA|MICB	17	High	pantissue_demographic_signatures.xlsx
NEG_132	pan_tissue	all_cells	negative	subject_confounder	ancestry	ancestry	Ancestry - Population-stratified eQTLs: top genes with ancestry-specific regulation	SLC16A11|SLC16A13|TCF7L2|KCNQ1|CDKAL1|HHEX|IGF2BP2|SLC30A8|FTO|MTNR1B|GCKR|PPARG|HNF1A|HNF4A|WFS1|KCNJ11|ABCC8|GCK	18	High	pantissue_demographic_signatures.xlsx
NEG_133	pan_tissue	all_cells	negative	subject_confounder	ancestry	ancestry	Ancestry - Skin pigmentation genes: strong population-differentiated expression	SLC24A5|SLC45A2|TYR|TYRP1|OCA2|HERC2|MC1R|ASIP|KITLG|IRF4|BNC2|DCT|PMEL|MLANA|MITF|SLC24A4|MFSD12	17	High	pantissue_demographic_signatures.xlsx
NEG_134	pan_tissue	all_cells	negative	subject_confounder	ancestry	ancestry	Ancestry - Immune response diversity: population-specific innate/adaptive immunity	TLR1|TLR6|TLR10|IL10|IL12B|IFNL3|IFNL4|CCR5|CXCR6|DUFFY|ACKR1|CR1|CD36|FCGR2A|FCGR3A|FCGR3B|APOL1|G6PD|HBB|HBA1|HBA2	21	High	pantissue_demographic_signatures.xlsx
NEG_135	pan_tissue	all_cells	negative	subject_confounder	ancestry	ancestry	Ancestry - East Asian-specific: T2D and metabolic disease loci (DIAMANTE)	SLC16A11|SLC16A13|PAX4|KCNQ1|ANK1|MAEA|GRB14|JAZF1|PTPRD|ADAMTS9|ZFAND3|RBMS1|GCC1|MIR129|CMIP	15	High	pantissue_demographic_signatures.xlsx
NEG_136	pan_tissue	all_cells	negative	subject_confounder	ancestry	ancestry	Ancestry - African-ancestry specific: disease-associated expression variants	APOL1|G6PD|HBB|HBA1|HBA2|ACKR1|TCF7L2|HMGA2|ZRANB3|INS|IGF2|HNF1A|ABCC8|SLC30A8	14	High	pantissue_demographic_signatures.xlsx
NEG_137	pan_tissue	all_cells	negative	subject_confounder	ancestry	ancestry	Ancestry - Drug metabolism pharmacogenomics: population-variable enzyme activity	CYP2D6|CYP2C19|CYP2C9|CYP3A5|CYP1A2|NAT2|UGT1A1|DPYD|TPMT|NUDT15|SLCO1B1|ABCB1|VKORC1|CYP2B6|CYP2A6	15	High	pantissue_demographic_signatures.xlsx
NEG_138	pan_tissue	all_cells	negative	subject_confounder	ancestry	ancestry	Ancestry - GTEx cross-population eQTL divergence: top ancestry-variable genes	ERAP2|BTNL2|LRRC25|NBPF3|CHURC1|ZNF232|TRIM38|GIMAP5|GIMAP7|APOBEC3A|APOBEC3B|OAS1|OAS2|OAS3|IFITM1|IFITM3	16	Medium	pantissue_demographic_signatures.xlsx
NEG_139	pan_tissue	all_cells	negative	subject_confounder	ancestry	ancestry	Ancestry - Lipid metabolism: population-specific cardiovascular risk genes	PCSK9|LDLR|APOE|APOB|APOC3|LPA|CETP|HMGCR|SORT1|ANGPTL3|ANGPTL4|LIPC|LPL|ABCA1|NPC1L1|SCARB1	16	Medium	pantissue_demographic_signatures.xlsx
NEG_140	pan_tissue	all_cells	negative	subject_confounder	ancestry	ancestry	Ancestry - Greenlandic/Arctic population: unique metabolic adaptation genes	TBC1D4|FADS1|FADS2|CPT1A|PPARGC1A|HMGA2|SLC16A11|FTO	8	Medium	pantissue_demographic_signatures.xlsx
NEG_141	pan_tissue	all_cells	negative	subject_confounder	ancestry	ancestry	Ancestry - Population structure confounders: ancestry-informative marker genes	SLC24A5|HERC2|LCT|MCM6|EDAR|ABCC11|ADH1B|ALDH2|SLC45A2|OCA2|IRF4|TYR|TYRP1|KITLG|BNC2|FADS1|FADS2|EPAS1|EGLN1	19	Medium	pantissue_demographic_signatures.xlsx
NEG_142	pan_tissue	all_cells	negative	subject_confounder	ancestry	ancestry	Ancestry - Novel population-differentiated genes: Gemini/GTEx cross-population	NBPF3|ZNF232|GIMAP5|GIMAP7|LRRC25|TRIM38|APOBEC3A|APOBEC3B|BTNL2|ERAP2|MFSD12|CREB3L1|RREB1|MCM6|LCT	15	Low	pantissue_demographic_signatures.xlsx
NEG_143	pan_tissue	all_cells	negative	artifact	platform_QC	nuclear_cytoplasmic	Technical - Nuclear-retained RNAs: enriched in snRNA-seq, depleted in scRNA-seq	MALAT1|NEAT1|MEG3|XIST|KCNQ1OT1|FIRRE|SNHG14|MIAT|GOMAFU|PVT1|HOTAIR|DANCR|FTX|JPX|TSIX|AIRN|NRON	17	High	additional_negctrl_signatures.xlsx
NEG_144	pan_tissue	all_cells	negative	artifact	platform_QC	nuclear_cytoplasmic	Technical - Cytoplasmic/ER RNA: enriched in scRNA-seq, depleted in snRNA-seq	ACTB|GAPDH|B2M|TMSB4X|FTL|FTH1|EEF1A1|TPT1|HSP90AA1|HSP90AB1|HSPA8|HSPA1A|HSPA1B|CALR|CANX|SEC61A1|SEC61B|SSR1|SSR4|SPCS1|SRP14|NRGN|PLP1|SFTPA1|SFTPB|SNAP25	26	High	additional_negctrl_signatures.xlsx
NEG_145	pan_tissue	all_cells	negative	artifact	platform_QC	mitochondrial	Technical - Mitochondrial genes: QC metric markers (MT% filtering threshold)	MT-CO1|MT-CO2|MT-CO3|MT-ND1|MT-ND2|MT-ND3|MT-ND4|MT-ND4L|MT-ND5|MT-ND6|MT-CYB|MT-ATP6|MT-ATP8|MT-RNR1|MT-RNR2|MTRNR2L1|MTRNR2L8|MTRNR2L12	18	High	additional_negctrl_signatures.xlsx
NEG_146	pan_tissue	all_cells	negative	artifact	platform_QC	ribosomal	Technical - Ribosomal protein genes: RPL/RPS variable detection across platforms	RPL3|RPL4|RPL5|RPL7|RPL7A|RPL8|RPL10|RPL10A|RPL11|RPL13|RPL13A|RPL18|RPL19|RPL21|RPL23|RPL27|RPL27A|RPL28|RPL30|RPL32|RPL34|RPL35|RPL35A|RPL36|RPL37A|RPL38|RPL39|RPS2|RPS3|RPS3A|RPS4X|RPS5|RPS6|RPS7|RPS8|RPS9|RPS10|RPS11|RPS12|RPS13|RPS14|RPS15|RPS15A|RPS16|RPS17|RPS18|RPS19|RPS20|RPS21|RPS23|RPS24|RPS25|RPS26|RPS27|RPS27A|RPS28|RPS29|RPSA|ATP6|MRPL1|MRPL10|MRPL12|MRPL2|MRPS10|MRPS14|MRPS2|MRPS5|MRPS7	68	High	additional_negctrl_signatures.xlsx
NEG_147	pan_tissue	all_cells	negative	artifact	platform_QC	hemoglobin	Technical - Hemoglobin contamination: red blood cell lysis artifacts	HBA1|HBA2|HBB|HBD|HBE1|HBG1|HBG2|HBM|HBQ1|HBZ|ALAS2|SLC4A1|ANK1|EPB41|EPB42|GYPA|GYPB|GYPC|SLC25A37|TFRC|CRYAB|TNNI1|TPM1	23	High	additional_negctrl_signatures.xlsx
NEG_148	pancreas	all_cells	negative	artifact	ambient_RNA	ambient_RNA	Technical - Pancreas ambient RNA soup: highly expressed genes contaminating all droplets	INS|GCG|SST|PPY|PRSS1|PRSS2|CPA1|CPA2|CTRB1|CTRB2|CELA3A|CELA3B|PNLIP|CLPS|CEL|REG1A|REG1B|REG3A|AMY2A|AMY2B|CTRC|SPINK1|PRSS3|PLA2G1B|ALB|APOA1|APOB|APOC1	28	High	additional_negctrl_signatures.xlsx
NEG_149	pan_tissue	all_cells	negative	artifact	dissociation_stress	dissociation_stress	Technical - Immediate early genes: dissociation-induced transcription (ex vivo artifact)	FOS|FOSB|FOSL1|FOSL2|JUN|JUNB|JUND|EGR1|EGR2|EGR3|EGR4|ATF3|NR4A1|NR4A2|NR4A3|IER2|IER3|IER5|DUSP1|DUSP2|DUSP5|BTG2|ZFP36|ZFP36L1|ZFP36L2|KLF2|KLF4|KLF6|MYC|NFKBIA|NFKBIZ|SOCS3|PPP1R15A|GADD45B|RHOB|ID1|ID2|ID3|HSPA1A|HSPA1B	40	High	additional_negctrl_signatures.xlsx
NEG_150	pan_tissue	all_cells	negative	artifact	platform_QC	three_prime_bias	Technical - 10x Chromium 3' bias genes: differentially detected vs full-length protocols	UBC|RACK1|EEF2|EIF4A1|PABPC1|HNRNPA1|HNRNPA2B1|HNRNPC|HNRNPD|HNRNPK|HNRNPU|SRSF1|SRSF3|SRSF7|PTBP1|RBFOX2|CELF1|ELAVL1|TIA1|TIAL1	20	Medium	additional_negctrl_signatures.xlsx
NEG_151	pan_tissue	all_cells	negative	artifact	doublet	doublet	Technical - Doublet markers: genes co-expressed in heterotypic doublets	CD3D|CD3E|CD79A|CD79B|MS4A1|CD14|LYZ|CST3|NKG7|GNLY|EPCAM|KRT8|KRT18|KRT19|PECAM1|CDH5|COL1A1|COL1A2|DCN|LUM|ACTA2|MYH11	22	Medium	additional_negctrl_signatures.xlsx
NEG_152	pancreas	beta_cell	negative	subject_confounder	T2D	beta_dysfunction	Disease - T2D beta cell dysfunction: core identity gene loss and dedifferentiation	INS|MAFA|PDX1|NKX6-1|NKX2-2|UCN3|SLC2A2|GCK|SLC30A8|PCSK1|IAPP|CHGA|ABCC8|KCNJ11|PAX6|FOXO1|NEUROD1|ISL1|PAX4|HHEX|MNX1|BHLHA15|CDKN1C|DLK1|G6PC2|HNF1A|MANF	27	High	additional_negctrl_signatures.xlsx
NEG_153	pancreas	beta_cell	negative	subject_confounder	T2D	dedifferentiation	Disease - T2D beta cell dedifferentiation: progenitor marker re-expression	ALDH1A3|GASTRIN|NEUROG3|SOX9|HES1|POU5F1|NANOG|VIM|ACTA2|CD44|FOXO1|MYC|KLF4|GAST|CHGB|FEV|GHRL|MAFB|FGF2|GSK3B|SMOC1|TAZ|YAP1	23	High	additional_negctrl_signatures.xlsx
NEG_154	pancreas	beta_cell	negative	subject_confounder	T2D	ER_stress	Disease - T2D ER stress/UPR activation in beta cells	HSPA5|HSP90B1|DDIT3|ATF4|ATF6|XBP1|ERN1|EIF2AK3|EIF2S1|DNAJC3|HERPUD1|EDEM1|SEL1L|DERL1|CALR|CANX|PDIA4|PDIA6|HYOU1|SDF2L1|CRELD2|DERL2|TRIB3	23	High	additional_negctrl_signatures.xlsx
NEG_155	pancreas	beta_cell	negative	subject_confounder	T2D	beta_dysfunction	Disease - T2D oxidative stress and mitochondrial dysfunction in islets	SOD1|SOD2|CAT|GPX1|TXNIP|TXN|PRDX1|PRDX4|NFE2L2|HMOX1|NQO1|PPARGC1A|TFAM|UCP2|SIRT1|SIRT3|PINK1|PRKN|BNIP3|PARK7|TRIB1	21	High	additional_negctrl_signatures.xlsx
NEG_156	pancreas	alpha_cell	negative	subject_confounder	T2D	alpha_hyperplasia	Disease - T2D alpha cell hyperplasia: glucagon hypersecretion genes	GCG|ARX|IRX2|MAFB|DPP4|GC|PCSK2|NEUROD1|SLC38A5|SLC7A2|PRMT1|GLP1R|SLC5A1|SGLT1|GYS1|PYGL	16	Medium	additional_negctrl_signatures.xlsx
NEG_157	pancreas	all_cells	negative	subject_confounder	T2D	amyloid_apoptosis	Disease - T2D islet amyloid deposition and beta cell apoptosis	IAPP|CASP3|CASP8|CASP9|BAX|BAK1|BCL2|BCL2L1|BCLXL|BID|BAD|PMAIP1|BBC3|FAS|FASL|TNF|TNFRSF10A|TNFRSF10B|TRAF2|RIPK1	20	Medium	additional_negctrl_signatures.xlsx
NEG_158	pancreas	immune_cell	negative	subject_confounder	T1D	CD8_cytotoxicity	Disease - T1D autoimmune infiltration: CD8+ T cell and NK cell cytotoxicity markers	CD8A|CD8B|CD3D|CD3E|CD3G|GZMA|GZMB|GZMH|GZMK|PRF1|FASLG|NKG7|GNLY|IFNG|TNF|CD69|CD44|IL2RA|KLRK1|KLRD1|NKG2D|ITGAL|ITGB2|CCR7|CD74|CD86|IL32	27	High	additional_negctrl_signatures.xlsx
NEG_159	pancreas	immune_cell	negative	subject_confounder	T1D	CD4_Treg	Disease - T1D CD4+ T helper and Treg infiltration markers	CD4|FOXP3|IL2RA|CTLA4|ICOS|IL7R|CD28|CD40LG|IFNG|IL17A|IL21|IL10|TGFB1|RORC|TBX21|GATA3|BCL6|CXCR5|PDCD1|LAG3|TIGIT|HAVCR2	22	High	additional_negctrl_signatures.xlsx
NEG_160	pancreas	beta_cell	negative	subject_confounder	T1D	antigen_presentation	Disease - T1D beta cell antigen presentation and IFN-gamma response	HLA-A|HLA-B|HLA-C|HLA-E|B2M|TAP1|TAP2|PSMB8|PSMB9|PSMB10|STAT1|IRF1|IRF9|CIITA|CXCL10|CXCL9|CXCL11|GBP1|GBP2|IDO1|PDL1|CD274	22	High	additional_negctrl_signatures.xlsx
NEG_161	pancreas	all_cells	negative	subject_confounder	T1D	chemokine_milieu	Disease - T1D islet chemokine/cytokine milieu attracting immune cells	CXCL10|CXCL9|CXCL11|CCL2|CCL3|CCL4|CCL5|CCL20|CCL21|CXCL12|CXCL13|IL1B|IL6|TNF|IFNG|IFNA1|IFNB1|IL12A|IL12B|IL18|IL33|TSLP|C1QB|CXCL16|ELANE|MPO	26	High	additional_negctrl_signatures.xlsx
NEG_162	pancreas	acinar_cell	negative	subject_confounder	pancreatitis	acute	Disease - Acute pancreatitis: trypsinogen activation and acinar cell injury	PRSS1|PRSS2|CTRC|SPINK1|CASP1|CASP3|HMGB1|TLR4|TLR9|NLRP3|IL1B|IL6|TNF|CCL2|CXCL1|CXCL2|CXCL8|MMP9|ICAM1|VCAM1|SELE|VIP|REG3B|REG3G|REG4	25	High	additional_negctrl_signatures.xlsx
NEG_163	pancreas	stellate_cell	negative	subject_confounder	pancreatitis	chronic_fibrosis	Disease - Chronic pancreatitis: stellate cell activation and fibrosis	ACTA2|COL1A1|COL1A2|COL3A1|FN1|TGFB1|TGFB2|TGFBR1|TGFBR2|SMAD2|SMAD3|CTGF|PDGFA|PDGFB|PDGFRA|PDGFRB|TIMP1|TIMP2|MMP2|LOX|LOXL2|FAP|VIM|DES|SPARC	25	High	additional_negctrl_signatures.xlsx
NEG_164	pancreas	ductal_cell	negative	subject_confounder	pancreatitis	chronic_metaplasia	Disease - Chronic pancreatitis: ADM and ductal metaplasia markers	SOX9|KRT19|KRT7|MUC1|MUC5AC|MUC6|HNF1B|CFTR|AQP1|CA2|CA9|CLDN1|CLDN4|TFF1|TFF2|TFF3|ONECUT2|HES1|NOTCH1|JAG1|WNT7B|PTF1A|RORA|S100A2|TNFRSF11B	25	Medium	additional_negctrl_signatures.xlsx
NEG_165	pancreas	ductal_tumor_cell	negative	subject_confounder	PDAC	tumor_drivers	Disease - PDAC: oncogenic driver mutations and downstream targets	KRAS|TP53|SMAD4|CDKN2A|BRCA1|BRCA2|STK11|RNF43|ARID1A|KDM6A|TGFBR2|MAP2K4|BRAF|PIK3CA|ERBB2|MYC|CCND1|CDK4|CDK6|MDM2|FGFR1|FGFR2|AURKA|DYRK1A|NF2	25	High	additional_negctrl_signatures.xlsx
NEG_166	pancreas	tumor_microenvironment	negative	subject_confounder	PDAC	stroma	Disease - PDAC: desmoplastic stroma and tumor microenvironment markers	FAP|ACTA2|PDGFRA|PDGFRB|COL1A1|COL3A1|COL5A1|FN1|SPARC|POSTN|THBS2|CXCL12|IL6|LIF|HAS1|HAS2|HAS3|MMP2|MMP9|MMP14|LOXL2|TNC|VCAN|COMP|ACTG1|ADM|CCN1|CCN2|CYR61|VWF	30	High	additional_negctrl_signatures.xlsx
NEG_167	pancreas	ductal_tumor_cell	negative	subject_confounder	PDAC	PanIN	Disease - PanIN progression: early neoplastic marker genes	MUC1|MUC5AC|MUC6|AGR2|TFF1|TFF2|MSLN|CEACAM5|CEACAM6|S100P|S100A4|S100A6|S100A11|ANXA1|KRT7|KRT17|KRT19|CLDN18|CLDN4|GATA6|HNF4A|CDX2|KRT81|MMP7|MUC2|POU2F3|PROM1|SULF1|VGLL1	29	High	additional_negctrl_signatures.xlsx
NEG_168	pancreas	ductal_cell	negative	subject_confounder	cystic_fibrosis	cystic_fibrosis	Disease - Cystic fibrosis: CFTR dysfunction and pancreatic insufficiency	CFTR|SLC26A6|SLC4A4|SLC26A3|CA2|CA4|AQP1|CLCN2|ANO1|BEST1|MUC1|MUC5AC|MUC5B|TGM2|TGFB1|IL8|IL1B|SCNN1A|SCNN1B|SCNN1G|NKCC1	21	Medium	additional_negctrl_signatures.xlsx
NEG_169	pancreas	all_cells	negative	subject_confounder	metformin	AMPK_pathway	Medication - Metformin: AMPK activation and downstream transcriptional targets	PRKAA1|PRKAA2|PRKAB1|PRKAG1|STK11|TSC1|TSC2|MTOR|RPTOR|EIF4EBP1|RPS6KB1|SREBF1|FASN|ACACA|HMGCR|PPARGC1A|TFAM|SIRT1|FOXO1|FOXO3|PCK1|G6PC|SLC2A4|DNAJA1|DNMT1|SP1|STAT3	27	High	additional_negctrl_signatures.xlsx
NEG_170	pancreas	all_cells	negative	subject_confounder	metformin	complex_I	Medication - Metformin: mitochondrial complex I inhibition and metabolic shift	NDUFA1|NDUFA2|NDUFA9|NDUFS1|NDUFS2|NDUFS3|NDUFS7|NDUFB8|NDUFV1|NDUFV2|MT-ND1|MT-ND2|MT-ND4|MT-ND5|HIF1A|VEGFA|LDHA|LDHB|PKM|HK2|SLC16A1|CD163|SLC46A1	23	High	additional_negctrl_signatures.xlsx
NEG_171	pancreas	beta_cell	negative	subject_confounder	GLP1_agonist	proliferation	Medication - GLP-1 agonists: beta cell proliferation and survival signaling	GLP1R|CREB1|CREB3|CRTC2|IRS2|PIK3CA|AKT1|FOXO1|PDX1|MAFA|TCF7L2|WNT3A|CTNNB1|CCND1|CCND2|CDK4|BCL2|BCL2L1|BIRC5|XIAP|MCL1|PCNA|MKI67|CREM|GLIS3|HNF4G	26	High	additional_negctrl_signatures.xlsx
NEG_172	pancreas	beta_cell	negative	subject_confounder	GLP1_agonist	secretion	Medication - GLP-1 agonists: insulin secretion enhancement pathway	INS|PCSK1|PCSK2|CPE|SLC30A8|ABCC8|KCNJ11|CACNA1C|CACNA1D|RAPGEF4|RAPGEF3|RAP1A|VAMP2|STX1A|SNAP25|SYT4|SYT7|SYT13|RAB3A|RAB27A|STXBP1|UNC13A|NPTX1|PCDH18|SYT16|SYT5|TBC1D30	27	High	additional_negctrl_signatures.xlsx
NEG_173	pancreas	beta_cell	negative	subject_confounder	other_antidiabetic	KATP_channel	Medication - Sulfonylureas: KATP channel closure and depolarization genes	ABCC8|KCNJ11|CACNA1C|CACNA1D|CACNA1A|CACNB2|SLC2A2|GCK|INS|PCSK1|VAMP2|STX1A|SNAP25|SYT4|KCNMA1|KCNB1|SCN9A	17	High	additional_negctrl_signatures.xlsx
NEG_174	pancreas	all_cells	negative	subject_confounder	other_antidiabetic	SGLT2	Medication - SGLT2 inhibitors: sodium-glucose cotransporter and metabolic effects	SLC5A2|SLC5A1|SLC2A1|SLC2A2|SLC2A4|INSR|IRS1|PPARGC1A|SIRT1|SIRT3|FOXO1|PCK1|HMGCS2|BDH1|OXCT1|ACAT1|FGF21|ADIPOQ|UCP1|UCP2|UCP3|PDK4	22	Medium	additional_negctrl_signatures.xlsx
NEG_175	pancreas	beta_cell	negative	subject_confounder	immunosuppressant	tacrolimus	Medication - Tacrolimus/FK506: calcineurin inhibition and beta cell toxicity	PPP3CA|PPP3CB|PPP3CC|NFATC1|NFATC2|NFATC3|NFATC4|FKBP1A|FKBP1B|IL2|INS|MAFA|PDX1|CCND1|CCND2|CDK4|IRS2|TGFB1|CDKN1A|BAX|CASP3|BCL2|BMP5|NGFR|RRAS|UNC5B	26	High	additional_negctrl_signatures.xlsx
NEG_176	pancreas	all_cells	negative	subject_confounder	immunosuppressant	sirolimus	Medication - Sirolimus/rapamycin: mTOR inhibition and autophagy induction	MTOR|RPTOR|RPS6KB1|EIF4EBP1|RPS6|ULK1|ULK2|ATG13|BECN1|ATG5|ATG7|ATG12|MAP1LC3B|SQSTM1|TFEB|HIF1A|VEGFA|CCND1|CDK4|MYC|EIF4E|DEPTOR|RASL11A	23	High	additional_negctrl_signatures.xlsx
NEG_177	pancreas	immune_cell	negative	subject_confounder	immunosuppressant	mycophenolate	Medication - Mycophenolate: purine synthesis inhibition in lymphocytes	IMPDH1|IMPDH2|GMPS|ATIC|GART|PFAS|PAICS|ADSL|ADSS1|HPRT1|TYMS|DHFR|RRM1|RRM2|TK1|PCNA|MKI67|TOP2A|CDK1|CCNB1|CCNA2|MCM2|MCM7	23	Medium	additional_negctrl_signatures.xlsx
NEG_178	pancreas	all_cells	negative	subject_confounder	statin	mevalonate	Medication - Statins: HMG-CoA reductase inhibition and mevalonate pathway effects	HMGCR|HMGCS1|MVK|MVD|IDI1|FDPS|FDFT1|SQLE|LSS|CYP51A1|DHCR7|DHCR24|INSIG1|INSIG2|SCAP|SREBF1|SREBF2|LDLR|PCSK9|ABCA1|NPC1L1|ACAT2|FAM111B|GGPS1|LRP1	25	Medium	additional_negctrl_signatures.xlsx
NEG_179	pancreas	all_cells	negative	subject_confounder	chemotherapy	gemcitabine	Medication - Gemcitabine: nucleoside analog and DNA damage response in PDAC	DCK|RRM1|RRM2|TYMS|DCTD|CDA|SLC29A1|SLC28A1|NT5C|TP53|CDKN1A|GADD45A|ATM|ATR|CHEK1|CHEK2|BRCA1|RAD51|ERCC1|XRCC1|MDM2|BAX|FAS|CASP3|CASP9	25	Medium	additional_negctrl_signatures.xlsx
NEG_180	pancreas	beta_cell	negative	subject_confounder	metabolic_state	fasting_fed_beta	Metabolic - Fasting vs fed: glucose-responsive gene expression in beta cells	INS|PCSK1|PCSK2|SLC2A2|GCK|ABCC8|KCNJ11|MAFA|PDX1|NKX6-1|UCN3|SLC30A8|CHGA|IAPP|GLP1R|GIPR|GPR40|GPR120|FFAR1|FFAR4|SLC16A1|LDHA	22	High	additional_negctrl_signatures.xlsx
NEG_181	pancreas	alpha_cell	negative	subject_confounder	metabolic_state	fasting_fed_alpha	Metabolic - Fasting glucagon response: counter-regulatory hormone genes	GCG|ARX|IRX2|MAFB|GLP1R|GCGR|PCSK2|CPE|DPP4|SLC38A5|FOXO1|CREB1|PPARGC1A|PCK1|G6PC|SLC2A1|PEPCK|LDHA|SLC16A1	19	High	additional_negctrl_signatures.xlsx
NEG_182	pancreas	beta_cell	negative	subject_confounder	metabolic_state	hyperglycemia	Metabolic - Acute hyperglycemia: glucotoxicity-induced gene expression	TXNIP|DDIT3|ATF3|ATF4|HSPA5|XBP1|SLC2A2|INS|IAPP|ALDOB|ALDOC|HK1|HK2|PKM|PFKFB3|PFKL|TKT|TALDO1|G6PD|PGD	20	High	additional_negctrl_signatures.xlsx
NEG_183	pancreas	all_cells	negative	subject_confounder	metabolic_state	chronic_glycemia	Metabolic - HbA1c-correlated: chronic glycemic exposure transcriptome changes	TXNIP|SLC2A2|ALDOB|SORBS1|RBP4|AGT|SERPINE1|TGFB1|CTGF|COL4A1|COL4A3|VEGFA|RAGE|AGER|GLO1|AKR1B1|SDH|GFAT|OGT|OGA|MGEA5	21	Medium	additional_negctrl_signatures.xlsx
NEG_184	pancreas	all_cells	negative	subject_confounder	metabolic_state	lipotoxicity	Metabolic - Lipotoxicity: free fatty acid-induced gene expression changes	DDIT3|ATF4|XBP1|ERN1|HSPA5|CPT1A|ACOX1|PPARA|PPARD|CD36|FABP4|SCD|ELOVL6|DGAT1|DGAT2|PLIN2|PLIN3|ACSL1|ACSL3|ACSL4|ACSL5|MOGAT2	22	Medium	additional_negctrl_signatures.xlsx
NEG_185	pancreas	all_cells	negative	subject_confounder	metabolic_state	ketosis	Metabolic - Ketosis/ketogenesis: diabetic ketoacidosis-associated genes	HMGCS2|HMGCL|BDH1|BDH2|OXCT1|OXCT2|ACAT1|SLC16A1|SLC16A7|PPARA|PPARGC1A|CPT1A|CPT2|ACADM|ACADL|HADHA|HADHB|SCOT|ACADS	19	Medium	additional_negctrl_signatures.xlsx
NEG_186	pancreas	all_cells	negative	artifact	ischemia_procurement	warm_ischemia	Ischemia - Warm ischemia/hypoxia: HIF1A-driven immediate hypoxic response	HIF1A|HIF2A|EPAS1|ARNT|VHL|PHD2|EGLN1|EGLN3|BNIP3|BNIP3L|VEGFA|VEGFB|SLC2A1|SLC2A3|HK2|PKM|LDHA|LDHB|PDK1|PDK3|PGK1|ENO1|ENO2|ALDOA|TPI1|GAPDH|PFKFB3|CA9	28	High	additional_negctrl_signatures.xlsx
NEG_187	pancreas	all_cells	negative	artifact	ischemia_procurement	cold_ischemia	Ischemia - Cold ischemia time: progressive tissue degradation gene signature	FOS|FOSB|JUN|JUNB|EGR1|ATF3|NR4A1|HSPA1A|HSPA1B|HSP90AA1|HSPB1|BAG3|DDIT3|GADD45A|GADD45B|BBC3|PMAIP1|BCL2L11|CASP3|CASP7|CASP9|HMGB1|RIPK1|RIPK3|MLKL	25	High	additional_negctrl_signatures.xlsx
NEG_188	pancreas	all_cells	negative	artifact	ischemia_procurement	postmortem	Ischemia - Post-mortem interval: autolysis and degradation markers	HMGB1|HMGB2|S100A8|S100A9|S100A12|CALR|ANXA1|ANXA2|ANXA5|LDH|CK18|GSDMD|GSDME|CASP1|CASP4|CASP5|IL1A|IL1B|IL18|IL33|RIPK3|MLKL|NINJ1	23	High	additional_negctrl_signatures.xlsx
NEG_189	pancreas	all_cells	negative	artifact	ischemia_procurement	oxidative_stress	Ischemia - Oxidative stress during procurement: ROS-responsive genes	NFE2L2|KEAP1|HMOX1|NQO1|GCLC|GCLM|GSR|GPX1|GPX4|SOD1|SOD2|CAT|TXNRD1|TXN|PRDX1|PRDX2|SRXN1|FTH1|FTL|SLC7A11|SLC3A2	21	Medium	additional_negctrl_signatures.xlsx
NEG_190	pancreas	all_cells	negative	artifact	ischemia_procurement	DAMPs	Ischemia - Inflammation from tissue procurement: DAMPs and alarmin signaling	TLR2|TLR4|TLR9|NLRP3|PYCARD|CASP1|IL1B|IL18|IL33|HMGB1|S100A8|S100A9|HSP70|HSPA1A|RAGE|AGER|MYD88|NFKB1|RELA|TNF|IL6|CCL2|CXCL8	23	Medium	additional_negctrl_signatures.xlsx
NEG_191	pancreas	all_cells	negative	artifact	ischemia_procurement	digestion	Ischemia - Enzymatic digestion duration: extended collagenase exposure effects	FOS|JUN|EGR1|ATF3|HSPA1A|HSPA6|DNAJB1|HSPB1|HSP90AA1|CXCL2|CXCL3|CCL4|IL1B|TNF|PTGS2|SOCS3|NFKBIA|DUSP1|DUSP5|ZFP36|BTG2|MCL1|BIRC3	23	Medium	additional_negctrl_signatures.xlsx
NEG_192	pancreas	acinar_cell	negative	subject_confounder	smoking	acinar_damage	Lifestyle - Smoking: acinar cell gene expression changes (PDAC risk pathway)	CYP1A1|CYP1A2|CYP1B1|AHR|ARNT|NQO1|GSTP1|GSTM1|GSTT1|EPHX1|NAT1|NAT2|UGT1A1|ALDH2|ADH1B|TP53|KRAS|CDKN2A|BRCA2|MUC1|MUC4|REG3A|DMBT1	23	High	additional_negctrl_signatures.xlsx
NEG_193	pancreas	all_cells	negative	subject_confounder	smoking	nicotinic_inflammatory	Lifestyle - Smoking: nicotinic receptor expression and inflammatory response	CHRNA3|CHRNA5|CHRNB4|CHRNA7|CHRNA4|CHRNB2|NFKB1|RELA|TNF|IL1B|IL6|IL8|CXCL1|CCL2|ICAM1|VCAM1|SELE|MMP9|TIMP1|VEGFA|HIF1A|NOS2	22	High	additional_negctrl_signatures.xlsx
NEG_194	pancreas	ductal_cell	negative	subject_confounder	smoking	ductal_metaplasia	Lifestyle - Smoking: ductal epithelial metaplasia and mucin dysregulation	MUC1|MUC4|MUC5AC|MUC5B|MUC16|MUC20|KRT7|KRT19|KRT20|SCGB1A1|SCGB3A1|AGR2|TFF1|TFF3|SPDEF|FOXA2|FOXA3|FOXJ1|DNAI1|DNAH5	20	Medium	additional_negctrl_signatures.xlsx
NEG_195	pancreas	acinar_cell	negative	subject_confounder	alcohol	ethanol_metabolism	Lifestyle - Alcohol: ethanol metabolism and acinar cell injury	ADH1A|ADH1B|ADH1C|ADH4|ADH5|ADH6|ADH7|ALDH2|ALDH1A1|ALDH1B1|CYP2E1|CYP3A4|CATALASE|CAT|PRSS1|PRSS2|SPINK1|CTRC|CCK|CCKAR|CCKBR|VIP|VIPR1	23	High	additional_negctrl_signatures.xlsx
NEG_196	pancreas	stellate_cell	negative	subject_confounder	alcohol	stellate_activation	Lifestyle - Alcohol: stellate cell activation and chronic pancreatitis fibrosis	ACTA2|COL1A1|COL1A2|COL3A1|FN1|TGFB1|PDGFA|PDGFB|CTGF|TIMP1|MMP2|LOX|DES|VIM|GFAP|RELN|SPARC|POSTN|THBS1|FAP|IL6|TNF|CCL2	23	High	additional_negctrl_signatures.xlsx
NEG_197	pancreas	all_cells	negative	subject_confounder	alcohol	oxidative_ER_stress	Lifestyle - Alcohol: oxidative stress and ER stress from acetaldehyde	CYP2E1|ALDH2|NFE2L2|HMOX1|NQO1|SOD2|GPX1|CAT|HSPA5|DDIT3|XBP1|ATF6|ERN1|TXNIP|NLRP3|CASP1|IL1B|TNF|CCL2|TGFB1	20	Medium	additional_negctrl_signatures.xlsx
NEG_198	pancreas	all_cells	negative	subject_confounder	caffeine	protective	Lifestyle - Caffeine/coffee: protective factor gene expression (inverse PDAC risk)	CYP1A2|NAT2|ADORA2A|ADORA1|PDE4A|PDE4B|PDE4D|RELA|NFKB1|NFE2L2|HMOX1|SIRT1|PPARGC1A|GSTP1|UGT1A1|ABCB1|NR1I2|NR1I3|AHR	19	Low	additional_negctrl_signatures.xlsx
